scene_id,pattern,seed,missing_rate,method,rank,observed_rate,RMSE_missing,SAM_missing,NMSE_dB_missing,RMSE_all,SAM_all,NMSE_dB_all,fit_time_sec,run_dir
1,block,0,0.5,ntdpl,"(24,24,4)",0.49395751953125,0.13975732028484344,19.697872708816345,-3.6477128158844385,0.0998009517788887,13.884507096683446,-6.536765216296287,4.9631527999881655,C:\Users\mrkys\workspace\NTD-PL\multirun\neurips-cave-structured-missing\run\block_s01_seed0_ntdpl
1,block,0,0.5,tucker,"(24,24,4)",0.49395751953125,0.14557733665561498,20.991975031759946,-3.2933291011870476,0.1039383213790096,14.59052431841559,-6.183945073557085,3.5269856000086293,C:\Users\mrkys\workspace\NTD-PL\multirun\neurips-cave-structured-missing\benchmark\block_s01_seed0_tucker
5,block,0,0.5,ntdpl,"(24,24,4)",0.49395751953125,0.1628621220588684,38.57566735883902,-1.2958741749616496,0.11605415493249893,34.161518456495976,-2.908931508469692,4.065435299999081,C:\Users\mrkys\workspace\NTD-PL\multirun\neurips-cave-structured-missing\run\block_s05_seed0_ntdpl
5,block,0,0.5,tucker,"(24,24,4)",0.49395751953125,0.16924777498965346,44.06809684430324,-0.9618165948810032,0.12061385160290276,37.685573910209186,-2.574201899272926,1.6219916000263765,C:\Users\mrkys\workspace\NTD-PL\multirun\neurips-cave-structured-missing\benchmark\block_s05_seed0_tucker
10,block,0,0.5,ntdpl,"(24,24,4)",0.49395751953125,0.14027047157287598,26.099798089659533,-3.1863119481691116,0.10035271942615509,18.648182821845225,-5.450737712129258,4.04950279998593,C:\Users\mrkys\workspace\NTD-PL\multirun\neurips-cave-structured-missing\run\block_s10_seed0_ntdpl
10,block,0,0.5,tucker,"(24,24,4)",0.49395751953125,0.14975739794111395,29.974881638811187,-2.617871717075731,0.10711491010668797,20.636438304841025,-4.884322118328502,1.6318265999434516,C:\Users\mrkys\workspace\NTD-PL\multirun\neurips-cave-structured-missing\benchmark\block_s10_seed0_tucker
1,spectral-band,0,0.5,ntdpl,"(24,24,4)",0.4838709677419355,0.15818288922309875,25.22436834988161,-2.4680688812885725,0.11417081207036972,27.0738184469049,-5.368357076537805,3.4845702999737114,C:\Users\mrkys\workspace\NTD-PL\multirun\neurips-cave-structured-missing\run\spectral_band_s01_seed0_ntdpl
1,spectral-band,0,0.5,tucker,"(24,24,4)",0.4838709677419355,0.15289223768099383,25.22436422246042,-2.7635498371847427,0.11044669943840947,27.10050686195205,-5.656404204809878,0.9052978999679908,C:\Users\mrkys\workspace\NTD-PL\multirun\neurips-cave-structured-missing\benchmark\spectral_band_s01_seed0_tucker
5,spectral-band,0,0.5,ntdpl,"(24,24,4)",0.4838709677419355,0.13846445083618164,44.293473280520736,-0.773668627280337,0.09987474232912064,41.302118026204965,-4.213031729180077,3.3935113000916317,C:\Users\mrkys\workspace\NTD-PL\multirun\neurips-cave-structured-missing\run\spectral_band_s05_seed0_ntdpl
5,spectral-band,0,0.5,tucker,"(24,24,4)",0.4838709677419355,0.13682870503392625,44.29347341928694,-0.8768899516519918,0.09878047470906776,41.86626721274142,-4.3087234440300035,0.8982381999958307,C:\Users\mrkys\workspace\NTD-PL\multirun\neurips-cave-structured-missing\benchmark\spectral_band_s05_seed0_tucker
10,spectral-band,0,0.5,ntdpl,"(24,24,4)",0.4838709677419355,0.14919720590114594,32.75852755167127,-1.8821519940920544,0.10797113180160522,32.89563184255806,-4.815167541209413,3.4838586999103427,C:\Users\mrkys\workspace\NTD-PL\multirun\neurips-cave-structured-missing\run\spectral_band_s10_seed0_ntdpl
10,spectral-band,0,0.5,tucker,"(24,24,4)",0.4838709677419355,0.14418554374540882,32.75852674606642,-2.1789317053358968,0.10456407814461338,32.444236526937516,-5.093670411697212,0.8986576999304816,C:\Users\mrkys\workspace\NTD-PL\multirun\neurips-cave-structured-missing\benchmark\spectral_band_s10_seed0_tucker
1,stripe,0,0.5,ntdpl,"(24,24,4)",0.5,0.16149654984474182,24.35809098903333,-2.5014829035107873,0.1146145835518837,15.895878285473612,-5.334661354067935,3.3512270000064746,C:\Users\mrkys\workspace\NTD-PL\multirun\neurips-cave-structured-missing\run\stripe_s01_seed0_ntdpl
1,stripe,0,0.5,tucker,"(24,24,4)",0.5,0.15644844592220686,24.600981069226,-2.777322994654102,0.11107389721165836,16.169496701726445,-5.607218844357163,0.9450179999694228,C:\Users\mrkys\workspace\NTD-PL\multirun\neurips-cave-structured-missing\benchmark\stripe_s01_seed0_tucker
5,stripe,0,0.5,ntdpl,"(24,24,4)",0.5,0.14621056616306305,48.7793698141667,-0.5582068436204828,0.10364778339862823,36.96662401687835,-3.8909450520679423,3.528069299994968,C:\Users\mrkys\workspace\NTD-PL\multirun\neurips-cave-structured-missing\run\stripe_s05_seed0_ntdpl
5,stripe,0,0.5,tucker,"(24,24,4)",0.5,0.14091259773497328,45.14171796824989,-0.8787853235363394,0.09994007321784226,36.17310495408091,-4.207352356829835,0.9269959999946877,C:\Users\mrkys\workspace\NTD-PL\multirun\neurips-cave-structured-missing\benchmark\stripe_s05_seed0_tucker
10,stripe,0,0.5,ntdpl,"(24,24,4)",0.5,0.13916335999965668,32.76659104276642,-1.95476251561987,0.09920258820056915,21.389147017530178,-5.550860588875927,3.431609300081618,C:\Users\mrkys\workspace\NTD-PL\multirun\neurips-cave-structured-missing\run\stripe_s10_seed0_ntdpl
10,stripe,0,0.5,tucker,"(24,24,4)",0.5,0.1366643957614989,32.73448673897667,-2.1121531714641586,0.09753227382931413,21.722667215162982,-5.698353685428231,0.9057215000502765,C:\Users\mrkys\workspace\NTD-PL\multirun\neurips-cave-structured-missing\benchmark\stripe_s10_seed0_tucker
