dataset,protocol,rank,target_shape,missing_rate,method,n_pairs,RMSE_missing_gain_mean_pct,RMSE_missing_gain_median_pct,RMSE_missing_wins,RMSE_missing_losses,RMSE_missing_min_gain_pct,RMSE_missing_max_gain_pct,SAM_missing_gain_mean_pct,SAM_missing_gain_median_pct,SAM_missing_wins,SAM_missing_losses,SAM_missing_min_gain_pct,SAM_missing_max_gain_pct,PSNR_missing_delta_mean,PSNR_missing_delta_median,PSNR_missing_wins,SSIM_missing_delta_mean,SSIM_missing_delta_median,SSIM_missing_wins
cave_hsi,block,"(12,12,3)","(128,128)",0.3,ntdpl,45,-37.70883000038279,8.731268364743059,32,13,-771.2873221123311,23.687278627296077,29.23489460483773,27.261524949090333,45,0,1.488822699444386,55.041360631119474,-1.1388233273912896,0.7935599263076867,32,-0.0154510427223227,0.044227932457761965,31
cave_hsi,block,"(12,12,3)","(128,128)",0.5,ntdpl,45,-17.268118569208035,6.6132682569958305,37,8,-787.6348356868365,18.759695133855818,25.67288069275974,26.26106742945235,45,0,0.9053104857162199,44.485251043426615,-0.2427471748543759,0.5942973851835767,37,0.02800222127095029,0.05423562357031014,36
cave_hsi,block,"(12,12,3)","(128,128)",0.7,ntdpl,45,-2.0489718049864027,3.2370274875403995,37,8,-72.5224399281986,11.012889441857364,15.81521371544733,15.769846619079281,45,0,1.9490813645523557,30.411279876037145,-0.07250380949364771,0.2858155220031371,37,0.02433035827975017,0.024208808278890104,35
cave_hsi,block,"(16,16,3)","(128,128)",0.3,ntdpl,45,-9.01873357672212,11.349957058981335,37,8,-304.7493870786979,27.960609257905407,28.89568599273371,29.489423482864613,44,1,-0.16627913564629018,52.588805938067814,0.03182649152624138,1.0464209017512918,37,0.053557746678077015,0.06536431440444224,36
cave_hsi,block,"(16,16,3)","(128,128)",0.5,ntdpl,45,-0.14847613566648987,5.9577820915954565,38,7,-121.99156549740198,17.239798935097227,22.16312658146489,22.22045564396291,44,1,-20.620549385860627,44.374939727382205,0.1550359816014128,0.5335426630752593,38,0.03625246248235356,0.04267763931710561,37
cave_hsi,block,"(16,16,3)","(128,128)",0.7,ntdpl,45,2.4825257893600807,2.7329255733000077,38,7,-9.916004200026176,13.557832686170599,13.413755310651936,13.281131009546545,45,0,3.007723024518748,32.25446069692061,0.22458596105075215,0.24068306320097932,38,0.036366655882193046,0.030175604846677556,36
cave_hsi,block,"(20,20,4)","(128,128)",0.3,ntdpl,45,-1.4113117800728079,12.638975781247838,40,5,-275.53987639819735,24.99560030622584,28.8459425793941,30.163370287225522,45,0,3.8747713229510183,45.664551752879916,0.4225980586434859,1.1736455320183232,40,0.06249983822208851,0.07506597389984021,39
cave_hsi,block,"(20,20,4)","(128,128)",0.5,ntdpl,45,5.648059881783181,6.430049971772712,42,3,-42.101795785096776,15.976061493604382,22.94870311036862,22.19856874958214,45,0,7.576528237738191,41.96841177499696,0.5328029297907839,0.5772719385824541,42,0.05622445791024475,0.05548141884449284,40
cave_hsi,block,"(20,20,4)","(128,128)",0.7,ntdpl,45,4.164081199344011,3.5193631549516353,44,1,-0.8397496818593062,16.323284058505987,13.220891084256275,12.979137596178955,45,0,0.4452784804394162,30.983331853845154,0.3755798489471006,0.3111967783945708,44,0.05220929359223892,0.043941107392086926,41
cave_hsi,block,"(24,24,4)","(128,128)",0.3,ntdpl,45,7.52618488074732,12.889594158294729,42,3,-88.81446526308798,25.34459083621254,28.209053974012466,29.04028933635398,45,0,5.237959513812545,46.671853635530994,0.8306914999799798,1.1985997639555634,42,0.08102015811910018,0.08785109977510663,37
cave_hsi,block,"(24,24,4)","(128,128)",0.5,ntdpl,45,6.532157629322809,6.560615921464826,42,3,-6.719800395736078,16.701786355047627,20.988466763017115,19.95700057439042,45,0,6.067856431595412,37.348014843721025,0.5947066851916987,0.5894008250105198,42,0.06818283318890743,0.06373645347673695,38
cave_hsi,block,"(24,24,4)","(128,128)",0.7,ntdpl,45,4.377187271304931,3.908520626105483,44,1,-0.5854677592448415,16.381526526526596,12.057569433956912,9.886887724749254,44,1,-0.5492630669390492,29.609857001107965,0.39557336684354133,0.34630215853724167,44,0.06304957210627042,0.05760801360543852,40
cave_hsi,random,"(12,12,3)","(128,128)",0.3,ntdpl,45,9.561816332804899,8.988704012704702,45,0,1.6895559069578465,23.606098679622566,12.103353546576855,10.762832857502811,41,4,-4.5005156222036105,30.242759908095984,0.8846243792414984,0.8180940542891229,45,0.007897619163790788,0.004644248330907708,45
cave_hsi,random,"(12,12,3)","(128,128)",0.5,ntdpl,45,9.462900646283469,9.024291658672324,45,0,1.6585391883015412,23.43106937543,10.717597466078738,9.325519587893915,36,9,-5.1857576788273265,25.930275866799867,0.8754845995947416,0.8214917486286524,45,0.0078057924373967046,0.0048366771783378,45
cave_hsi,random,"(12,12,3)","(128,128)",0.7,ntdpl,45,9.397353263777356,8.6336995044306,45,0,1.4296215867396278,23.603345023669004,10.514734485294147,9.626975718374219,37,8,-5.757190014308075,25.39799677879349,0.869372204146624,0.784278960235266,45,0.007997883898756481,0.004743225557322872,45
cave_hsi,random,"(16,16,3)","(128,128)",0.3,ntdpl,45,9.705101459763918,8.63356101218462,45,0,2.4647976527192994,24.680559012086412,12.192464124069089,11.106952270038844,42,3,-2.7979188985638266,29.898556955551985,0.8997983315752718,0.7842656920135624,45,0.006898975667761364,0.0034227613477944008,45
cave_hsi,random,"(16,16,3)","(128,128)",0.5,ntdpl,45,9.68706499806258,8.755018241630736,45,0,2.3670830286820004,24.836641005174418,11.157301929338571,9.404818319344772,42,3,-3.221562335554775,26.16612685963591,0.8982556013851004,0.7958202035600657,45,0.006839754903564018,0.003358704632619225,45
cave_hsi,random,"(16,16,3)","(128,128)",0.7,ntdpl,45,9.531003151699784,8.647425458187344,45,0,1.983403310963613,24.987350535419193,10.993512904337942,8.780468258999758,43,2,-3.3703745206361413,24.59499611448574,0.8836485362776645,0.785584578612184,45,0.006794995935572426,0.003541028565850479,45
cave_hsi,random,"(20,20,4)","(128,128)",0.3,ntdpl,45,10.994671844912205,10.512363579558686,45,0,3.702351422267469,22.581464798539447,14.403253204666175,16.739345912121095,42,3,-8.487514990412972,32.70538396474566,1.0231945533330677,0.9647387623247603,45,0.005918843059966296,0.0026321021167681202,45
cave_hsi,random,"(20,20,4)","(128,128)",0.5,ntdpl,45,10.92224541823444,10.220361300804177,45,0,3.537333232113719,22.500158836012176,12.14610273633141,13.777360204471478,40,5,-9.359215310166705,29.650644980085556,1.0156533135657972,0.9364427388186272,45,0.0058970159300397755,0.0027760218239178958,45
cave_hsi,random,"(20,20,4)","(128,128)",0.7,ntdpl,45,9.939223549996296,9.509042917697114,44,1,-13.624028043873333,22.60821053728473,11.625881203250128,13.21138628939682,39,6,-8.940233162073522,28.550084542766356,0.9265915710261903,0.8678961698699617,44,0.0056897775907503185,0.002723894781311409,44
cave_hsi,random,"(24,24,4)","(128,128)",0.3,ntdpl,45,11.04058257381302,10.937322254383318,45,0,3.358620714832085,22.94225755841453,14.6200099503175,14.620415628963027,42,3,-9.155644391136713,34.64931196680267,1.0294693693588435,1.0060847650306286,45,0.005349367757793681,0.0019117679749987015,45
cave_hsi,random,"(24,24,4)","(128,128)",0.5,ntdpl,45,10.94512333980728,10.687105086037873,45,0,4.21514318599158,22.98916204811186,12.53893854642643,13.633700763933629,39,6,-9.300665153840647,31.301473419527596,1.0197004947951398,0.9817165886154058,45,0.005335792269510657,0.0019772528686627933,45
cave_hsi,random,"(24,24,4)","(128,128)",0.7,ntdpl,45,9.903100338234372,10.072837884745685,44,1,-8.035940588374379,23.06354136166766,11.742078288651706,13.284011826185491,39,6,-10.143355737152888,30.037397603830463,0.9230686362083919,0.9221819864352128,44,0.0051013782930315645,0.0020624869647206667,43
