unit_id,dataset,config,lr_core,lr_factors,beta_update_interval,beta_update_stage,tucker_rmse,frozen_link_rmse,ntdpl_rmse,gain_vs_tucker_pct,frozen_gain_pct,beta
brdf_neoprene-rubber,BRDF,lr_scale_1_beta5_before,7e-05,0.0002,5,before_grad,0.0024686125107109547,0.00246441806666553,0.002628164831548929,-6.463238768567362,0.1699109936138366,"[0.000941804435569793, 1.0520439147949219, -0.03903144598007202, -0.12277112901210785, 0.15845288336277008]"
brdf_neoprene-rubber,BRDF,lr_scale_0.3_beta5_before,2.1e-05,6e-05,5,before_grad,0.0024686125107109547,0.00246441806666553,0.0025126738473773003,-1.7848624065206586,0.1699109936138366,"[0.00035264960024505854, 1.0237016677856445, 0.07914999127388, -0.27553969621658325, 0.21565772593021393]"
brdf_neoprene-rubber,BRDF,lr_scale_0.1_beta5_before,7e-06,2e-05,5,before_grad,0.0024686125107109547,0.00246441806666553,0.0024699310306459665,-0.053411377010000365,0.1699109936138366,"[0.00016095688624773175, 1.0043377876281738, 0.13227805495262146, -0.32878056168556213, 0.21935246884822845]"
brdf_neoprene-rubber,BRDF,lr_scale_0.03_beta5_before,2.1e-06,6e-06,5,before_grad,0.0024686125107109547,0.00246441806666553,0.0024625167716294527,0.24692976540681963,0.1699109936138366,"[8.578700362704694e-05, 0.9956939220428467, 0.11846407502889633, -0.27217215299606323, 0.17488065361976624]"
brdf_neoprene-rubber,BRDF,lr_scale_0_beta5_before,0.0,0.0,5,before_grad,0.0024686125107109547,0.00246441806666553,0.00246441806666553,0.1699109936138366,0.1699109936138366,"[4.264446397428401e-05, 0.9902384281158447, 0.08007731288671494, -0.1755296140909195, 0.11112428456544876]"
brdf_neoprene-rubber,BRDF,lr_scale_1_beta1_before,7e-05,0.0002,1,before_grad,0.0024686125107109547,0.00246441806666553,0.0025066242087632418,-1.5398001058230002,0.1699109936138366,"[0.0009237119811587036, 1.5511736869812012, 0.6792032718658447, -2.4850640296936035, 2.448859214782715]"
brdf_neoprene-rubber,BRDF,lr_scale_1_beta10_before,7e-05,0.0002,10,before_grad,0.0024686125107109547,0.00246441806666553,0.0026392736472189426,-6.913241173635548,0.1699109936138366,"[0.0008985880413092673, 1.0168310403823853, 0.03283708170056343, -0.18320176005363464, 0.16785354912281036]"
brdf_neoprene-rubber,BRDF,lr_scale_1_beta20_before,7e-05,0.0002,20,before_grad,0.0024686125107109547,0.00246441806666553,0.002642500214278698,-7.043944839996944,0.1699109936138366,"[0.0008644858608022332, 0.9976176619529724, 0.0811447724699974, -0.22101403772830963, 0.1627478301525116]"
brdf_neoprene-rubber,BRDF,lr_scale_1_beta5_after,7e-05,0.0002,5,after_grad,0.0024686125107109547,0.00246441806666553,0.0026282595936208963,-6.467077446025082,0.1699109936138366,"[0.0009452669182792306, 1.0537830591201782, -0.04113152250647545, -0.12044979631900787, 0.15783560276031494]"
brdf_specular-orange-phenolic,BRDF,lr_scale_1_beta5_before,7e-05,0.0002,5,before_grad,0.0029764710925519466,0.0029764671344310045,0.002997012110427022,-0.6901131318384155,0.00013298032532619683,"[-7.810781971784309e-05, 1.042894721031189, 0.03917260095477104, -0.2651406228542328, 0.20634308457374573]"
brdf_specular-orange-phenolic,BRDF,lr_scale_0.3_beta5_before,2.1e-05,6e-05,5,before_grad,0.0029764710925519466,0.0029764671344310045,0.0029829773120582104,-0.21858836534795553,0.00013298032532619683,"[-3.2335141440853477e-05, 1.0359370708465576, -0.01832314394414425, -0.04677605628967285, 0.05155853554606438]"
brdf_specular-orange-phenolic,BRDF,lr_scale_0.1_beta5_before,7e-06,2e-05,5,before_grad,0.0029764710925519466,0.0029764671344310045,0.0029774419963359833,-0.03261929156530828,0.00013298032532619683,"[-8.172150046448223e-06, 1.0267971754074097, -0.018351182341575623, -0.0011634533293545246, 0.011447880417108536]"
brdf_specular-orange-phenolic,BRDF,lr_scale_0.03_beta5_before,2.1e-06,6e-06,5,before_grad,0.0029764710925519466,0.0029764671344310045,0.0029765062499791384,-0.0011811781837797483,0.00013298032532619683,"[2.294526439072797e-06, 1.0162345170974731, -0.01290512178093195, 0.007698268163949251, 0.00015747528232168406]"
brdf_specular-orange-phenolic,BRDF,lr_scale_0_beta5_before,0.0,0.0,5,before_grad,0.0029764710925519466,0.0029764671344310045,0.002976466668769717,0.00014862506948222,0.00013298032532619683,"[1.9262265595898498e-06, 0.9997695684432983, 0.002630945760756731, -0.006267519202083349, 0.004029843490570784]"
brdf_specular-orange-phenolic,BRDF,lr_scale_1_beta1_before,7e-05,0.0002,1,before_grad,0.0029764710925519466,0.0029764671344310045,0.002983538433909416,-0.23744028205596343,0.00013298032532619683,"[-2.029821371252183e-05, 1.779994249343872, -0.896129310131073, 1.3102957010269165, -0.6890024542808533]"
brdf_specular-orange-phenolic,BRDF,lr_scale_1_beta10_before,7e-05,0.0002,10,before_grad,0.0029764710925519466,0.0029764671344310045,0.0029990028124302626,-0.7569944131054145,0.00013298032532619683,"[-7.66876109992154e-05, 1.0222513675689697, 0.06704153120517731, -0.26575860381126404, 0.1934451013803482]"
brdf_specular-orange-phenolic,BRDF,lr_scale_1_beta20_before,7e-05,0.0002,20,before_grad,0.0029764710925519466,0.0029764671344310045,0.003000101540237665,-0.7939081869415511,0.00013298032532619683,"[-7.465323142241687e-05, 1.002003788948059, 0.09265805035829544, -0.24746999144554138, 0.16298331320285797]"
brdf_specular-orange-phenolic,BRDF,lr_scale_1_beta5_after,7e-05,0.0002,5,after_grad,0.0029764710925519466,0.0029764671344310045,0.002997302683070302,-0.6998754521917739,0.00013298032532619683,"[-7.975078915478662e-05, 1.044325351715088, 0.044103968888521194, -0.27760985493659973, 0.2142365723848343]"
harvard_imgg8,Harvard HS,lr_scale_1_beta5_before,7e-05,0.0002,5,before_grad,0.002318482380360365,0.0023184793535619974,0.002655416028574109,-14.532508466222378,0.0001305508462406277,"[0.001146873808465898, 1.0755966901779175, 0.09280052036046982, -0.34281405806541443, 0.32509854435920715]"
harvard_imgg8,Harvard HS,lr_scale_0.3_beta5_before,2.1e-05,6e-05,5,before_grad,0.002318482380360365,0.0023184793535619974,0.0023897585924714804,-3.0742615391382397,0.0001305508462406277,"[0.0004404395876917988, 1.0650140047073364, -0.056611064821481705, 0.05968340486288071, -0.012003378942608833]"
harvard_imgg8,Harvard HS,lr_scale_0.1_beta5_before,7e-06,2e-05,5,before_grad,0.002318482380360365,0.0023184793535619974,0.002330926014110446,-0.536714613640796,0.0001305508462406277,"[0.00016970634169410914, 1.0417100191116333, -0.0663217082619667, 0.10223870724439621, -0.05664407089352608]"
harvard_imgg8,Harvard HS,lr_scale_0.03_beta5_before,2.1e-06,6e-06,5,before_grad,0.002318482380360365,0.0023184793535619974,0.0023200036957859993,-0.06561686379509703,0.0001305508462406277,"[5.713816426577978e-05, 1.0214452743530273, -0.04256509989500046, 0.06767427921295166, -0.03814596310257912]"
harvard_imgg8,Harvard HS,lr_scale_0_beta5_before,0.0,0.0,5,before_grad,0.002318482380360365,0.0023184793535619974,0.002318472368642688,0.00043182202987284546,0.0001305508462406277,"[9.055293048731983e-06, 0.9995042681694031, 0.003559528850018978, -0.00817076489329338, 0.005956775043159723]"
harvard_imgg8,Harvard HS,lr_scale_1_beta1_before,7e-05,0.0002,1,before_grad,0.002318482380360365,0.0023184793535619974,0.0024759445805102587,-6.791606504485024,0.0001305508462406277,"[0.001381568261422217, 1.9114279747009277, -2.501368761062622, 5.753161907196045, -4.747564315795898]"
harvard_imgg8,Harvard HS,lr_scale_1_beta10_before,7e-05,0.0002,10,before_grad,0.002318482380360365,0.0023184793535619974,0.0027239376213401556,-17.487958692908858,0.0001305508462406277,"[0.0010947795817628503, 0.9898901581764221, 0.19341306388378143, -0.4745754599571228, 0.3718611001968384]"
harvard_imgg8,Harvard HS,lr_scale_1_beta20_before,7e-05,0.0002,20,before_grad,0.002318482380360365,0.0023184793535619974,0.002725275233387947,-17.545652124574428,0.0001305508462406277,"[0.0010066649410873652, 0.9902128577232361, 0.1475263237953186, -0.37167006731033325, 0.2945327162742615]"
harvard_imgg8,Harvard HS,lr_scale_1_beta5_after,7e-05,0.0002,5,after_grad,0.002318482380360365,0.0023184793535619974,0.0026548064779490232,-14.506217534264074,0.0001305508462406277,"[0.001154055935330689, 1.0793373584747314, 0.08256395161151886, -0.32841917872428894, 0.31790000200271606]"
harvard_imgh7,Harvard HS,lr_scale_1_beta5_before,7e-05,0.0002,5,before_grad,0.003914488945156336,0.0039144353941082954,0.004289712756872177,-9.585512105740682,0.0013680214401078428,"[-0.0003081931790802628, 0.9121323227882385, 0.8839933276176453, -1.4338260889053345, 0.8923518657684326]"
harvard_imgh7,Harvard HS,lr_scale_0.3_beta5_before,2.1e-05,6e-05,5,before_grad,0.003914488945156336,0.0039144353941082954,0.003984895534813404,-1.7986151102607437,0.0013680214401078428,"[-4.9057813157560304e-05, 0.9687864780426025, 0.4149683713912964, -0.7362546920776367, 0.43649476766586304]"
harvard_imgh7,Harvard HS,lr_scale_0.1_beta5_before,7e-06,2e-05,5,before_grad,0.003914488945156336,0.0039144353941082954,0.003927160520106554,-0.32370956024534453,0.0013680214401078428,"[8.370478462893516e-05, 0.9907814860343933, 0.18302848935127258, -0.35738739371299744, 0.21892978250980377]"
harvard_imgh7,Harvard HS,lr_scale_0.03_beta5_before,2.1e-06,6e-06,5,before_grad,0.003914488945156336,0.0039144353941082954,0.003916791640222073,-0.058824921924637244,0.0013680214401078428,"[0.00012221666111145169, 0.9988776445388794, 0.0783950611948967, -0.17317605018615723, 0.11147290468215942]"
harvard_imgh7,Harvard HS,lr_scale_0_beta5_before,0.0,0.0,5,before_grad,0.003914488945156336,0.0039144353941082954,0.003916115500032902,-0.04155216426344952,0.0013680214401078428,"[3.9938495319802314e-05, 0.9980215430259705, 0.01738768257200718, -0.04587529972195625, 0.033168092370033264]"
harvard_imgh7,Harvard HS,lr_scale_1_beta1_before,7e-05,0.0002,1,before_grad,0.003914488945156336,0.0039144353941082954,0.004072945099323988,-4.047939753763278,0.0013680214401078428,"[0.0018943246686831117, 1.73237943649292, 0.05744414031505585, -2.001425266265869, 1.7329726219177246]"
harvard_imgh7,Harvard HS,lr_scale_1_beta10_before,7e-05,0.0002,10,before_grad,0.003914488945156336,0.0039144353941082954,0.004343176260590553,-10.951297128189914,0.0013680214401078428,"[0.00019234762294217944, 0.9656333923339844, 0.3700912296772003, -0.5588247179985046, 0.41455841064453125]"
harvard_imgh7,Harvard HS,lr_scale_1_beta20_before,7e-05,0.0002,20,before_grad,0.003914488945156336,0.0039144353941082954,0.004382382147014141,-11.95285536408939,0.0013680214401078428,"[6.31197399343364e-05, 0.9874387979507446, 0.12627430260181427, -0.16849267482757568, 0.2010616660118103]"
harvard_imgh7,Harvard HS,lr_scale_1_beta5_after,7e-05,0.0002,5,after_grad,0.003914488945156336,0.0039144353941082954,0.004292215220630169,-9.649440342428852,0.0013680214401078428,"[-0.0003113776328973472, 0.9174762964248657, 0.8709230422973633, -1.420511245727539, 0.8945346474647522]"
brdf_steel,BRDF,lr_scale_1_beta5_before,7e-05,0.0002,5,before_grad,0.0064389524050056934,0.005753897596150637,0.004915999248623848,23.65218843981343,10.639227715404289,"[0.00027155561838299036, 1.0540671348571777, 0.395081102848053, -3.1470754146575928, 3.5917720794677734]"
brdf_steel,BRDF,lr_scale_0.3_beta5_before,2.1e-05,6e-05,5,before_grad,0.0064389524050056934,0.005753897596150637,0.005286342464387417,17.900581773554162,10.639227715404289,"[0.0003200545033905655, 1.004624843597412, 0.6710164546966553, -3.1281867027282715, 3.042820453643799]"
brdf_steel,BRDF,lr_scale_0.1_beta5_before,7e-06,2e-05,5,before_grad,0.0064389524050056934,0.005753897596150637,0.005535048898309469,14.03805230791149,10.639227715404289,"[0.00018567618099041283, 0.9965972304344177, 0.6310367584228516, -2.64762020111084, 2.4400203227996826]"
brdf_steel,BRDF,lr_scale_0.03_beta5_before,2.1e-06,6e-06,5,before_grad,0.0064389524050056934,0.005753897596150637,0.00568043626844883,11.780117150224426,10.639227715404289,"[0.00012385730224195868, 0.9879705905914307, 0.6263641119003296, -2.4624881744384766, 2.192063331604004]"
brdf_steel,BRDF,lr_scale_0_beta5_before,0.0,0.0,5,before_grad,0.0064389524050056934,0.005753897596150637,0.005753896199166775,10.639249411229542,10.639227715404289,"[4.3855026888195425e-05, 0.9784538149833679, 0.6187406778335571, -2.349437952041626, 2.043764352798462]"
brdf_steel,BRDF,lr_scale_1_beta1_before,7e-05,0.0002,1,before_grad,0.0064389524050056934,0.005753897596150637,0.004892374854534864,24.019086540669367,10.639227715404289,"[0.0002421691024210304, 1.4735236167907715, 1.0159962177276611, -9.831305503845215, 15.854361534118652]"
brdf_steel,BRDF,lr_scale_1_beta10_before,7e-05,0.0002,10,before_grad,0.0064389524050056934,0.005753897596150637,0.004930688533931971,23.42405683727661,10.639227715404289,"[0.00027769149164669216, 1.0921589136123657, 0.16193623840808868, -2.617053985595703, 3.1299009323120117]"
brdf_steel,BRDF,lr_scale_1_beta20_before,7e-05,0.0002,20,before_grad,0.0064389524050056934,0.005753897596150637,0.00498837698251009,22.528127733447985,10.639227715404289,"[0.00021917163394391537, 1.092089295387268, 0.1687520295381546, -2.496173858642578, 2.859706163406372]"
brdf_steel,BRDF,lr_scale_1_beta5_after,7e-05,0.0002,5,after_grad,0.0064389524050056934,0.005753897596150637,0.004918078426271677,23.619897819894998,10.639227715404289,"[0.0002713358262553811, 1.055656909942627, 0.3923850655555725, -3.150738477706909, 3.602548599243164]"
harvard_imgd0,Harvard HS,lr_scale_1_beta5_before,7e-05,0.0002,5,before_grad,0.019423039630055428,0.01906454563140869,0.018115047365427017,6.734230530037165,1.8457152200420708,"[0.0007592157926410437, 0.952728271484375, -0.3359699845314026, 1.4352855682373047, -1.049118161201477]"
harvard_imgd0,Harvard HS,lr_scale_0.3_beta5_before,2.1e-05,6e-05,5,before_grad,0.019423039630055428,0.01906454563140869,0.018481820821762085,4.845888317279084,1.8457152200420708,"[0.0001773511612555012, 1.0194116830825806, -0.5144463777542114, 1.5112262964248657, -1.0153429508209229]"
harvard_imgd0,Harvard HS,lr_scale_0.1_beta5_before,7e-06,2e-05,5,before_grad,0.019423039630055428,0.01906454563140869,0.01872740313410759,3.58150170723743,1.8457152200420708,"[0.0007148979930207133, 1.040291666984558, -0.5024489164352417, 1.3022277355194092, -0.8441511988639832]"
harvard_imgd0,Harvard HS,lr_scale_0.03_beta5_before,2.1e-06,6e-06,5,before_grad,0.019423039630055428,0.01906454563140869,0.01890847459435463,2.64925081501947,1.8457152200420708,"[0.0005450976314023137, 1.0473852157592773, -0.4886421263217926, 1.155573844909668, -0.7216348052024841]"
harvard_imgd0,Harvard HS,lr_scale_0_beta5_before,0.0,0.0,5,before_grad,0.019423039630055428,0.01906454563140869,0.01907196082174778,1.8075379291528832,1.8457152200420708,"[-0.0003852483641821891, 1.0496516227722168, -0.46126750111579895, 1.0149915218353271, -0.6120214462280273]"
harvard_imgd0,Harvard HS,lr_scale_1_beta1_before,7e-05,0.0002,1,before_grad,0.019423039630055428,0.01906454563140869,0.01809557154774666,6.834502259134715,1.8457152200420708,"[-0.00015016079123597592, 1.1781656742095947, -0.37455376982688904, 3.1529812812805176, -3.169053792953491]"
harvard_imgd0,Harvard HS,lr_scale_1_beta10_before,7e-05,0.0002,10,before_grad,0.019423039630055428,0.01906454563140869,0.018145514652132988,6.577368950767022,1.8457152200420708,"[0.0018656080355867743, 0.9822255373001099, -0.38255012035369873, 1.3268409967422485, -0.934037446975708]"
harvard_imgd0,Harvard HS,lr_scale_1_beta20_before,7e-05,0.0002,20,before_grad,0.019423039630055428,0.01906454563140869,0.0182220209389925,6.183474440346904,1.8457152200420708,"[0.0021781674586236477, 1.0151786804199219, -0.4861515462398529, 1.3564273118972778, -0.9005323052406311]"
harvard_imgd0,Harvard HS,lr_scale_1_beta5_after,7e-05,0.0002,5,after_grad,0.019423039630055428,0.01906454563140869,0.018119094893336296,6.713391732473186,1.8457152200420708,"[0.0007739965221844614, 0.9548369646072388, -0.33711233735084534, 1.4398950338363647, -1.0541614294052124]"
