scene_id,scene_name,difficulty_bin,boundary_bin,difficulty_quartile,boundary_quartile,delta_rmse_missing,delta_sam_missing,pixel_count_rmse,pixel_count_sam
1,balloons,0,0,Q1,Q1,-0.00018376756220064695,0.16785987889307802,28783,28783
1,balloons,0,1,Q1,Q2,0.00014892165109569173,0.1163175940886567,17361,17361
1,balloons,0,2,Q1,Q3,0.00027055460036238914,-0.11298248528734176,12635,12635
1,balloons,0,3,Q1,Q4,-0.0004772702934019877,-2.881326808675472,6757,6757
1,balloons,1,0,Q2,Q1,0.00031571059779937556,1.668722903411352,20192,20192
1,balloons,1,1,Q2,Q2,0.0007449318737269624,0.5091818713436479,19106,19106
1,balloons,1,2,Q2,Q3,0.0006672586691346084,0.27010470368017203,15695,15695
1,balloons,1,3,Q2,Q4,0.00018656498268243443,0.14233364742004723,10543,10543
1,balloons,2,0,Q3,Q1,0.0006732979475591253,2.5958442956994503,11977,11977
1,balloons,2,1,Q3,Q2,0.0012104690541264143,0.8893526700268024,21074,21074
1,balloons,2,2,Q3,Q3,0.0012031405337599459,0.6086966315202406,18301,18301
1,balloons,2,3,Q3,Q4,9.398503046442143e-05,0.19303609877172498,14184,14184
1,balloons,3,0,Q4,Q1,0.0018517011058054294,5.028567012011504,4584,4584
1,balloons,3,1,Q4,Q2,0.0019030316190704367,1.2811741637664598,7995,7995
1,balloons,3,2,Q4,Q3,0.002130595937335672,0.79800154834144,18905,18905
1,balloons,3,3,Q4,Q4,0.0006729179097765729,0.3514233716030762,34052,34052
2,beads,0,0,Q1,Q1,7.515572010314296e-05,8.40825105397375,36307,36307
2,beads,0,1,Q1,Q2,-0.0044951886883560005,2.135889274486549,15374,15374
2,beads,0,2,Q1,Q3,-0.009659249175625951,-2.1069243294541287,8510,8510
2,beads,0,3,Q1,Q4,-0.012556133357774932,-2.6602331745767214,5345,5345
2,beads,1,0,Q2,Q1,0.012021754305423309,18.007624127440977,16131,16131
2,beads,1,1,Q2,Q2,0.0031362887212172726,5.200943170179283,19877,19877
2,beads,1,2,Q2,Q3,-0.001312006203688012,0.8051783731282919,17267,17267
2,beads,1,3,Q2,Q4,-0.004421709200497309,-0.3059598059371993,12261,12261
2,beads,2,0,Q3,Q1,0.021950669568692342,18.03944473849353,9325,9325
2,beads,2,1,Q3,Q2,0.011620901779584808,6.02182004964642,17893,17893
2,beads,2,2,Q3,Q3,0.00749946504838467,2.290572376169892,20411,20411
2,beads,2,3,Q3,Q4,0.003370205105235667,0.910863782547361,17907,17907
2,beads,3,0,Q4,Q1,0.03454740967369622,10.656021776792919,3773,3773
2,beads,3,1,Q4,Q2,0.0267209477658668,4.776147807865234,12392,12392
2,beads,3,2,Q4,Q3,0.02283892133588195,2.741351742953519,19348,19348
2,beads,3,3,Q4,Q4,0.024749231945343803,1.3410377013742905,30023,30023
3,cd,0,0,Q1,Q1,-0.001382529963873772,-0.8177546947478835,47813,47813
3,cd,0,1,Q1,Q2,-0.003330564672938822,-5.159648161102279,9412,9412
3,cd,0,2,Q1,Q3,-0.002907545970561638,-6.653906409873609,5459,5459
3,cd,0,3,Q1,Q4,-0.002841633473855344,-7.826731643493156,2852,2852
3,cd,1,0,Q2,Q1,-0.0019057201197351672,-1.8433171615719575,11598,11598
3,cd,1,1,Q2,Q2,-0.0023638887353767267,-3.536911037395236,25057,25057
3,cd,1,2,Q2,Q3,-0.002131738130170501,-3.5616076001291823,18954,18954
3,cd,1,3,Q2,Q4,-0.002158153283321647,-3.2603632780858955,9927,9927
3,cd,2,0,Q3,Q1,-0.0014736653322743299,-1.716565641548826,4456,4456
3,cd,2,1,Q3,Q2,-0.0020947563796659663,-3.047115105363707,21494,21494
3,cd,2,2,Q3,Q3,-0.001940251760565017,-3.130101167455683,23711,23711
3,cd,2,3,Q3,Q4,-0.002107930443628367,-2.990164973276128,15875,15875
3,cd,3,0,Q4,Q1,0.0019197200651237705,3.409268526389158,1669,1669
3,cd,3,1,Q4,Q2,0.00020259682828194123,-0.4994874176516422,9573,9573
3,cd,3,2,Q4,Q3,0.002172957564538498,-0.25768028701072004,17412,17412
3,cd,3,3,Q4,Q4,0.008137649354348513,0.6231562027095892,36882,36882
4,chart_and_stuffed_toy,0,0,Q1,Q1,-0.0011240391055104902,-1.8897639774850903,36999,36999
4,chart_and_stuffed_toy,0,1,Q1,Q2,-0.000690999150553855,-1.5378167560554183,22113,22113
4,chart_and_stuffed_toy,0,2,Q1,Q3,-0.0009584873941787363,-1.4779179078961366,5417,5417
4,chart_and_stuffed_toy,0,3,Q1,Q4,-0.0017796058386419058,-1.0189977430994848,1007,1007
4,chart_and_stuffed_toy,1,0,Q2,Q1,0.00033537499863068383,2.4756911141418376,22696,22696
4,chart_and_stuffed_toy,1,1,Q2,Q2,-0.00019921728685784177,0.6853206887987986,26024,26024
4,chart_and_stuffed_toy,1,2,Q2,Q3,-0.0008006988661973924,-0.008360648171422232,12877,12877
4,chart_and_stuffed_toy,1,3,Q2,Q4,-0.001411006456177203,0.25753598187737425,3939,3939
4,chart_and_stuffed_toy,2,0,Q3,Q1,0.004909534254475377,18.398686256488133,5284,5284
4,chart_and_stuffed_toy,2,1,Q3,Q2,0.0014492818874655654,5.825408782526022,14251,14251
4,chart_and_stuffed_toy,2,2,Q3,Q3,-0.0007719625867130142,1.3583593030051928,29053,29053
4,chart_and_stuffed_toy,2,3,Q3,Q4,-0.0015132684323424898,0.12311181889117769,16948,16948
4,chart_and_stuffed_toy,3,0,Q4,Q1,0.014872901688650634,37.62482651889614,557,557
4,chart_and_stuffed_toy,3,1,Q4,Q2,0.010295813272252713,14.82859941857174,3148,3148
4,chart_and_stuffed_toy,3,2,Q4,Q3,0.005528338166221275,2.6538005190718956,18189,18189
4,chart_and_stuffed_toy,3,3,Q4,Q4,0.006338246271397454,0.6826572542939287,43642,43642
5,clay,0,0,Q1,Q1,-0.000880416752764404,0.49546692770406975,38887,38887
5,clay,0,1,Q1,Q2,-0.00025743180930055324,0.5527698751568035,13659,13659
5,clay,0,2,Q1,Q3,-0.00016904742789125647,0.5924634675271438,10111,10111
5,clay,0,3,Q1,Q4,-0.0010662938591110569,1.3688566013265404,2879,2879
5,clay,1,0,Q2,Q1,-0.00016121159920408752,2.235507033810829,12857,12857
5,clay,1,1,Q2,Q2,0.0004958524255785813,0.9600954019557465,22078,22078
5,clay,1,2,Q2,Q3,0.0004303437410696016,0.7160244356155434,20759,20759
5,clay,1,3,Q2,Q4,-0.0009216256444355932,0.5440896021685194,9842,9842
5,clay,2,0,Q3,Q1,0.000296922177989541,3.0224772288493496,4326,4326
5,clay,2,1,Q3,Q2,0.00042290299744565955,1.3768520878634467,14149,14149
5,clay,2,2,Q3,Q3,0.0005116019607351847,1.1066399411449213,20507,20507
5,clay,2,3,Q3,Q4,-0.0004797727716814558,0.7326777310673461,26554,26554
5,clay,3,0,Q4,Q1,0.008775561774440898,8.70659641766569,9466,9466
5,clay,3,1,Q4,Q2,0.009232463120871517,5.990524018627338,15650,15650
5,clay,3,2,Q4,Q3,0.00662534017946402,2.6202230580501262,14159,14159
5,clay,3,3,Q4,Q4,0.001605319263266547,1.4997289664385798,26261,26261
6,cloth,0,0,Q1,Q1,-0.004203393777950267,-0.6726179125649064,29287,29287
6,cloth,0,1,Q1,Q2,-0.004489362337203404,-0.8564074517250724,19029,19029
6,cloth,0,2,Q1,Q3,-0.005384811195636054,-1.0635914852449633,11573,11573
6,cloth,0,3,Q1,Q4,-0.007436799111680094,-2.6188432258948486,5647,5647
6,cloth,1,0,Q2,Q1,0.0014215016812070352,1.054687844817108,18524,18524
6,cloth,1,1,Q2,Q2,0.0003330570614634453,0.4477780203990779,18963,18963
6,cloth,1,2,Q2,Q3,-0.0011493132391569981,-0.013624907832226125,15812,15812
6,cloth,1,3,Q2,Q4,-0.0033246909413924544,-0.48016188210389377,12237,12237
6,cloth,2,0,Q3,Q1,0.004524614635209453,1.9712099000613557,12280,12280
6,cloth,2,1,Q3,Q2,0.0036866913841402294,1.2058453223055223,16964,16964
6,cloth,2,2,Q3,Q3,0.0023320081174762752,0.5453579537243846,18076,18076
6,cloth,2,3,Q3,Q4,0.00022148970752389037,-0.14710161983559486,18216,18216
6,cloth,3,0,Q4,Q1,0.00819337903716171,2.119758273506875,5445,5445
6,cloth,3,1,Q4,Q2,0.008149302710416797,1.6229264650462047,10580,10580
6,cloth,3,2,Q4,Q3,0.00862704426234367,0.8487534198865422,20075,20075
6,cloth,3,3,Q4,Q4,0.009418576725235009,0.40613434076753047,29436,29436
7,egyptian_statue,0,0,Q1,Q1,-0.0005153890583214278,-9.181658161665556,35784,35784
7,egyptian_statue,0,1,Q1,Q2,-0.0007684199259148245,-9.964565451460759,25417,25417
7,egyptian_statue,0,2,Q1,Q3,-0.0007328255893386864,-8.116825116812464,3837,3837
7,egyptian_statue,0,3,Q1,Q4,-0.0004845515611975355,-1.5673028419354487,498,498
7,egyptian_statue,1,0,Q2,Q1,-2.3498141772535505e-05,1.3244800662862182,20748,20748
7,egyptian_statue,1,1,Q2,Q2,-0.0006859267112046043,-7.360431712919243,27680,27680
7,egyptian_statue,1,2,Q2,Q3,-0.0007801466701190902,-5.089082032496938,15451,15451
7,egyptian_statue,1,3,Q2,Q4,-0.0008095166849439487,-2.098692137463576,1657,1657
7,egyptian_statue,2,0,Q3,Q1,0.0011373866112166689,21.41862308970104,7465,7465
7,egyptian_statue,2,1,Q3,Q2,0.0003186286226690348,6.925772317241173,9727,9727
7,egyptian_statue,2,2,Q3,Q3,-0.0003953438531714571,-0.8566234602673375,31306,31306
7,egyptian_statue,2,3,Q3,Q4,-0.0005491660338521702,-0.17702447834681556,17038,17038
7,egyptian_statue,3,0,Q4,Q1,0.004108799527509702,31.995559154397345,1539,1539
7,egyptian_statue,3,1,Q4,Q2,0.0034891071688358684,25.558521848251868,2712,2712
7,egyptian_statue,3,2,Q4,Q3,0.0007621029749245459,4.635443688683803,14942,14942
7,egyptian_statue,3,3,Q4,Q4,3.5257445914686745e-05,0.36205878143332587,46343,46343
8,feathers,0,0,Q1,Q1,0.001553456716124544,6.055541209044305,38672,38672
8,feathers,0,1,Q1,Q2,0.0011959465283999187,5.324395136788074,15863,15863
8,feathers,0,2,Q1,Q3,-0.00026822986901089177,4.654484338484134,7782,7782
8,feathers,0,3,Q1,Q4,-0.0020839717867374356,1.8152664463052535,3219,3219
8,feathers,1,0,Q2,Q1,0.003898222054926405,8.53349488339904,17496,17496
8,feathers,1,1,Q2,Q2,0.0033611955208111676,5.2727059439685515,20989,20989
8,feathers,1,2,Q2,Q3,0.0025856076797079425,4.088534976159347,18545,18545
8,feathers,1,3,Q2,Q4,0.0006293226485755052,2.1799141899508228,8506,8506
8,feathers,2,0,Q3,Q1,0.009717807897541657,14.759088473343585,6828,6828
8,feathers,2,1,Q3,Q2,0.008816244078895988,7.45320455261172,20024,20024
8,feathers,2,2,Q3,Q3,0.0078123698071397895,6.110656466082101,23483,23483
8,feathers,2,3,Q3,Q4,0.003659835705730913,3.150909988427797,15201,15201
8,feathers,3,0,Q4,Q1,0.01672721194735781,19.5539138349103,2540,2540
8,feathers,3,1,Q4,Q2,0.014088484198177192,9.9636419169404,8660,8660
8,feathers,3,2,Q4,Q3,0.012174271088559535,7.005086929024933,15726,15726
8,feathers,3,3,Q4,Q4,0.01397575377997688,2.9289711580366666,38610,38610
11,pompoms,0,0,Q1,Q1,0.000577535137892526,2.6489468389097324,23500,23500
11,pompoms,0,1,Q1,Q2,4.0548896608568314e-05,0.7792645121275895,15146,15146
11,pompoms,0,2,Q1,Q3,-0.00035231509827044155,0.3856184169369245,13612,13612
11,pompoms,0,3,Q1,Q4,-0.0012714515423774121,-0.3057442703431162,13278,13278
11,pompoms,1,0,Q2,Q1,0.00312073202762789,3.9988983530643036,18763,18763
11,pompoms,1,1,Q2,Q2,0.0026781751110157175,1.5838648240144269,16915,16915
11,pompoms,1,2,Q2,Q3,0.0021353141777838446,1.1045896333138672,15683,15683
11,pompoms,1,3,Q2,Q4,0.0011650661546558643,0.5776718957730799,14175,14175
11,pompoms,2,0,Q3,Q1,0.005056073272142918,4.629810749697981,14226,14226
11,pompoms,2,1,Q3,Q2,0.00439690092543008,1.860827659476946,18170,18170
11,pompoms,2,2,Q3,Q3,0.0037765685136193204,1.3560637714722914,17862,17862
11,pompoms,2,3,Q3,Q4,0.0027056046392407666,0.7782138858640721,15278,15278
11,pompoms,3,0,Q4,Q1,0.00862849661919079,4.51456937933919,9047,9047
11,pompoms,3,1,Q4,Q2,0.008233627425344189,2.2060557304873964,15305,15305
11,pompoms,3,2,Q4,Q3,0.007157735903397072,1.6139464688362,18379,18379
11,pompoms,3,3,Q4,Q4,0.00604290716459268,0.9279962103023524,22805,22805
12,sponges,0,0,Q1,Q1,0.00043050046513451874,1.4069916526929835,27109,27109
12,sponges,0,1,Q1,Q2,0.0002919423274505289,0.3903462438189969,8597,8597
12,sponges,0,2,Q1,Q3,-6.673377711878867e-05,0.09682655579199431,14271,14271
12,sponges,0,3,Q1,Q4,-0.0014478301330119714,-2.027774103397655,15559,15559
12,sponges,1,0,Q2,Q1,0.0016891810310515234,1.4661898346340965,15674,15674
12,sponges,1,1,Q2,Q2,0.0032879292141850635,1.0427168206305413,14883,14883
12,sponges,1,2,Q2,Q3,0.0029595714573910905,0.5596662357782363,15774,15774
12,sponges,1,3,Q2,Q4,0.0008051933433444823,0.21612363735329926,19205,19205
12,sponges,2,0,Q3,Q1,0.0062580587063001715,2.6963660726446745,16398,16398
12,sponges,2,1,Q3,Q2,0.007442527051996262,2.2744085702755217,22109,22109
12,sponges,2,2,Q3,Q3,0.0068236143827647665,1.4898949046323096,14269,14269
12,sponges,2,3,Q3,Q4,0.0028180284944077346,0.706824860502248,12760,12760
12,sponges,3,0,Q4,Q1,0.009914674204704063,3.508156707962281,6355,6355
12,sponges,3,1,Q4,Q2,0.012793122423604681,2.6321627570033272,19947,19947
12,sponges,3,2,Q4,Q3,0.013390270675886608,1.965000868741762,21222,21222
12,sponges,3,3,Q4,Q4,0.006232896564132064,1.0784403632397572,18012,18012
13,stuffed_toys,0,0,Q1,Q1,-0.0003686714582973606,-1.0814851519866735,40342,40342
13,stuffed_toys,0,1,Q1,Q2,-7.209994855883111e-05,0.6474240626744013,15202,15202
13,stuffed_toys,0,2,Q1,Q3,-0.000284627278888767,1.2771289528040637,8006,8006
13,stuffed_toys,0,3,Q1,Q4,-0.0005402932990908079,0.8886118586990424,1986,1986
13,stuffed_toys,1,0,Q2,Q1,0.0021380328230489304,10.894538082019919,19484,19484
13,stuffed_toys,1,1,Q2,Q2,0.0008010966510412906,2.7843489659464393,29271,29271
13,stuffed_toys,1,2,Q2,Q3,0.0005662495720247158,2.5140259509741916,10553,10553
13,stuffed_toys,1,3,Q2,Q4,-0.00018978700278784492,0.7165025860742215,6228,6228
13,stuffed_toys,2,0,Q3,Q1,0.007300584929570338,29.44965513325146,5156,5156
13,stuffed_toys,2,1,Q3,Q2,0.0022144371849475383,4.627692417588294,16645,16645
13,stuffed_toys,2,2,Q3,Q3,0.0014849908783611254,1.7380459631304397,20870,20870
13,stuffed_toys,2,3,Q3,Q4,0.0009551155144153942,0.7236392871055718,22865,22865
13,stuffed_toys,3,0,Q4,Q1,0.015376028105326222,53.64603919077931,554,554
13,stuffed_toys,3,1,Q4,Q2,0.004766881821775462,8.209720624569638,4418,4418
13,stuffed_toys,3,2,Q4,Q3,0.0036957604869174415,1.4781995162867587,26107,26107
13,stuffed_toys,3,3,Q4,Q4,0.00443417630826495,0.5705953448668599,34457,34457
14,superballs,0,0,Q1,Q1,-0.0006939251029329053,-0.8591341865527591,13035,13035
14,superballs,0,1,Q1,Q2,-0.000359998585445616,-0.7912629732750017,20238,20238
14,superballs,0,2,Q1,Q3,-0.00036765039281675657,-0.7347948074194065,20187,20187
14,superballs,0,3,Q1,Q4,-0.0005491739046191668,-1.0426058149451949,12076,12076
14,superballs,1,0,Q2,Q1,-0.00016153045760305555,2.512253076295466,14560,14560
14,superballs,1,1,Q2,Q2,4.4601271307363215e-05,0.25183147913766485,17572,17572
14,superballs,1,2,Q2,Q3,-5.6394114525325815e-06,0.041178963021756054,18568,18568
14,superballs,1,3,Q2,Q4,-0.00013039008727993786,-0.19071743535423294,14836,14836
14,superballs,2,0,Q3,Q1,0.001545610903704954,4.984797741154444,19326,19326
14,superballs,2,1,Q3,Q2,0.0008070783218689332,1.560678571596298,15266,15266
14,superballs,2,2,Q3,Q3,0.0004900246574482002,1.1075183465900136,16322,16322
14,superballs,2,3,Q3,Q4,0.00019258589556733362,0.7914693015531543,14622,14622
14,superballs,3,0,Q4,Q1,0.004787703498711327,5.85819535414438,18615,18615
14,superballs,3,1,Q4,Q2,0.0031023001511173163,2.8092068169072464,12460,12460
14,superballs,3,2,Q4,Q3,0.00225960562008348,2.2399525867102428,10459,10459
14,superballs,3,3,Q4,Q4,0.0025394748222810756,1.3981824927095339,24002,24002
15,thread_spools,0,0,Q1,Q1,0.0012428006524174832,9.103677859352745,36512,36512
15,thread_spools,0,1,Q1,Q2,0.0010354801042023114,3.8664766970363824,17841,17841
15,thread_spools,0,2,Q1,Q3,0.00033756919082360303,2.266085085455532,10109,10109
15,thread_spools,0,3,Q1,Q4,-0.0010188769755371378,-0.13372139383833126,1074,1074
15,thread_spools,1,0,Q2,Q1,0.0024743793779467777,10.751455319313306,19860,19860
15,thread_spools,1,1,Q2,Q2,0.0022811292612009934,6.771333594975388,26346,26346
15,thread_spools,1,2,Q2,Q3,0.0013747288542454777,3.921483991046672,16338,16338
15,thread_spools,1,3,Q2,Q4,-0.0004138095027420637,0.34950096681862663,2992,2992
15,thread_spools,2,0,Q3,Q1,0.004135078547291355,16.160827732419207,8078,8078
15,thread_spools,2,1,Q3,Q2,0.00294872853690679,7.067677745695374,17017,17017
15,thread_spools,2,2,Q3,Q3,0.0016422554075948429,2.615892752562448,22063,22063
15,thread_spools,2,3,Q3,Q4,7.696336903316079e-05,0.3515438960472198,18378,18378
15,thread_spools,3,0,Q4,Q1,0.00805368568305862,20.881007208415372,1086,1086
15,thread_spools,3,1,Q4,Q2,0.005036923222199922,4.4666166006125465,4332,4332
15,thread_spools,3,2,Q4,Q3,0.0031939106434237924,1.9572578055409204,17026,17026
15,thread_spools,3,3,Q4,Q4,0.0020482293566187254,0.776494712070587,43092,43092
