missing_rate,method_name,scene_id,RMSE_all,RMSE_missing,SAM_all,SAM_missing,NMSE_dB_all,NMSE_dB_missing,fit_time_sec
0.1,ntdpl,1,0.013388953792552153,0.013508680276572704,7.686125615520575,5.17598052721528,-24.00914182310609,-23.934781661426427,758.1025267000001
0.1,ntdpl,2,0.06384581327438354,0.06449349721272786,23.02420494448984,13.477753686491553,-10.46817989658335,-10.375944548556783,786.910242766667
0.1,ntdpl,3,0.026354285577932995,0.026616816098491352,12.785898338178827,9.793428682033609,-14.231081777008635,-14.149631805399617,2000.7093448666674
0.1,ntdpl,4,0.024118848145008087,0.024348139762878418,14.580444748278419,8.094818957873466,-21.74777269047591,-21.67326146098414,1759.497953833333
0.1,ntdpl,5,0.00909671684106191,0.009165282671650251,26.429712306872304,11.873164431421932,-25.01544133227779,-24.951929623801544,1256.3602292666667
0.1,ntdpl,6,0.05187384784221649,0.05216816067695618,8.596691795404658,5.899142952056589,-12.863724573663104,-12.806679281360411,1822.3191591333332
0.1,ntdpl,7,0.008256630351146063,0.008378922318418821,20.417423140269566,10.626713397766261,-21.69146124043822,-21.551958576720608,1667.7903330666643
0.1,ntdpl,8,0.023257306466499966,0.023456870888670284,12.860088500898328,7.032800867607918,-19.499233829580646,-19.422340190978858,2505.743338666667
0.1,ntdpl,9,0.01729363575577736,0.017493140883743763,23.215247571282404,15.162634583268373,-19.676467107435986,-19.56784077511898,1502.7915582500063
0.1,ntdpl,10,0.018106660495201748,0.01832430809736252,8.49687175820056,4.767152825127512,-20.22950679651122,-20.12557228022458,918.5140067333365
0.1,ntdpl,11,0.027491753300031025,0.02762870428462823,9.199001429793354,5.582764546634732,-18.79351992990195,-18.744825389112297,1170.3189514333305
0.1,ntdpl,12,0.013413494763274988,0.013480003302296003,6.941532505606307,4.020165964021431,-28.81463117759722,-28.77076243274517,881.4048119999983
0.1,ntdpl,13,0.01838463855286439,0.018528437862793606,20.337857859639445,10.503440826376428,-21.766060300401545,-21.70106709967227,1137.3104217333312
0.1,ntdpl,14,0.01212026427189509,0.012239046084384123,10.895334036900664,6.802710466537842,-19.80546023730989,-19.72672867130706,873.1738203999945
0.1,ntdpl,15,0.013183386685947577,0.013302240831156572,12.238528785826114,6.623073728351209,-21.201155588685896,-21.136358619999346,1200.0426337666674
0.1,tucker,1,0.014091056833461338,0.014218153816790988,8.136004972285903,6.404643345761504,-23.565201629799777,-23.490164273118623,359.1743976333407
0.1,tucker,2,0.07514919977459499,0.07561439464809916,27.205804664458498,22.351471023151902,-9.05234082699454,-8.994186598833108,354.8044907333339
0.1,tucker,3,0.03146261591195695,0.03167363556716416,10.90388364200855,7.292142623079427,-12.692204378368197,-12.629849040786842,357.53932783332374
0.1,tucker,4,0.02691241707922799,0.02710959290807051,15.821705033310815,11.30599710241375,-20.79584969677372,-20.74011376001195,364.27860733333364
0.1,tucker,5,0.0107823458420184,0.010860011495627951,28.205806234765657,13.903852220210451,-23.538869622440227,-23.478216522967987,388.43081436667126
0.1,tucker,6,0.0545936778971284,0.054848618826708495,8.791505127426781,7.39032133911067,-12.419847027689435,-12.371475659034337,380.9097952999946
0.1,tucker,7,0.00817115577444417,0.008300324345236186,17.302640732878242,14.129077408477206,-21.78184740235514,-21.63382267216029,382.322783066668
0.1,tucker,8,0.03039021597598712,0.03060072636333756,18.430668242295326,15.208064032532997,-17.175746054583794,-17.11310184829351,385.2518406000066
0.1,tucker,9,0.019767774624250573,0.01995101051313635,29.363571936980378,21.537578128060535,-18.515037654798856,-18.43930048159469,392.7953994999989
0.1,tucker,10,0.021279847883701852,0.021495417304099578,10.463597115341734,7.004241546954295,-18.8269005634176,-18.739213676313348,365.7024391999973
0.1,tucker,11,0.031190099128997034,0.031328437058280506,10.757248785323162,8.522181986307347,-17.697233434787517,-17.653262408686754,376.45357076667034
0.1,tucker,12,0.01828895589302619,0.018383385469777122,8.316145239490886,4.751949974669697,-26.121691425592513,-26.076030840412034,420.65704180000466
0.1,tucker,13,0.020619697381063503,0.020760113699808683,22.88711407250574,15.495635262768914,-20.769516287624036,-20.713249167088225,377.37484309999746
0.1,tucker,14,0.013621595069622025,0.013723377165048303,11.953141993647181,9.776938931938503,-18.79114616125123,-18.732457628659414,370.9788801333263
0.1,tucker,15,0.014836831260708611,0.014963348007725218,17.586834836884645,12.266516790439693,-20.174872149802905,-20.11427688934597,373.5548809666722
0.3,ntdpl,1,0.014034149857858816,0.014122016107042631,8.302063394246131,7.437993564024805,-23.60316804938509,-23.54666724874536,747.5601154999998
0.3,ntdpl,2,0.06399080405632655,0.06459262470404308,23.042909028739192,20.34333435427915,-10.448476927016358,-10.362393570823192,820.2222673666669
0.3,ntdpl,3,0.02640312227110068,0.026713890333970387,12.787486251620871,12.257245296764097,-14.21499545511857,-14.113582771411552,1685.3103370000015
0.3,ntdpl,4,0.02417560728887717,0.0244038924574852,14.475161324956199,12.639739535791682,-21.727372637063482,-21.649184129732415,1649.9161871666668
0.3,ntdpl,5,0.00909987154106299,0.009151353500783443,26.428306047033118,20.31406079216697,-25.012431365621364,-24.966260178073274,1310.671540033333
0.3,ntdpl,6,0.0519299308458964,0.05224344258507093,8.606120406420267,8.211526046229684,-12.854339271502818,-12.797079394058608,1783.3723408666676
0.3,ntdpl,7,0.008284188186128935,0.008389675368865332,20.46606252797903,16.787922642650823,-21.662518907589902,-21.55179106965974,1323.6686799666713
0.3,ntdpl,8,0.023319593941171963,0.023556934669613838,12.794271046605816,10.974468499456984,-19.47600524871983,-19.38444253732405,2513.8138618999947
0.3,ntdpl,9,0.017352290451526642,0.017553087944785755,23.168115347036977,19.485214982648916,-19.647081517286967,-19.545746216314214,237.17057926666652
0.3,ntdpl,10,0.018204657981793087,0.018406360720594723,8.504111400983609,7.264809163776623,-20.18262050002438,-20.085315981827097,994.7064635666708
0.3,ntdpl,11,0.027540354058146477,0.027684699123104412,9.203258460215972,8.27452413628471,-18.77818149136036,-18.733533927530345,1182.4157576333334
0.3,ntdpl,12,0.01343333131323258,0.013489616413911184,6.947526900885897,6.014807715868503,-28.801795291691207,-28.762008283647504,1170.4014488666678
0.3,ntdpl,13,0.018477601930499077,0.018612651154398918,20.32298534609328,17.1059837321761,-21.722261749397784,-21.656135445925315,1150.7292900666653
0.3,ntdpl,14,0.012145269972582659,0.012290443293750286,10.906930455896147,9.800721943590593,-19.78759390003682,-19.681128137268946,1165.9569643333332
0.3,ntdpl,15,0.01319898913304011,0.013303427956998348,12.245205779370066,10.082788603093656,-21.19088183695492,-21.127443681942164,1211.2997073333293
0.3,tucker,1,0.014280711314493093,0.014374250312468159,8.691293104915465,7.884038047666628,-23.44929600880805,-23.390234120422765,430.31798546666687
0.3,tucker,2,0.07522836549143917,0.07568016359050019,27.245192649946897,25.658281298584075,-9.043195517019585,-8.986411245860523,350.564786133337
0.3,tucker,3,0.03151068088719268,0.031748739894697064,10.911427899502392,10.186950941619001,-12.678945207787985,-12.613832245172832,351.14102023332816
0.3,tucker,4,0.026970972632319987,0.02719621023170267,15.789024035407955,14.559124065305818,-20.77697180441893,-20.708183253915784,369.9444552666707
0.3,tucker,5,0.01079244926983946,0.010861101937479684,28.20461823071052,21.96517070281052,-23.53073445884274,-23.47848008057423,425.1499010000116
0.3,tucker,6,0.054617007827919,0.054894779125264304,8.796641768863678,8.586803571925763,-12.41613642274302,-12.367093018566507,526.2030040000027
0.3,tucker,7,0.008195857933636141,0.0083106445744658,17.196043504017045,16.36955530041715,-21.755634076290665,-21.634006588096554,515.8114903999934
0.3,tucker,8,0.03045653622860096,0.030663687864437832,18.370028245815128,17.035402701998496,-17.156811575158674,-17.094330685607016,477.7698396999913
0.3,tucker,9,0.019802242260800514,0.01998879999799455,29.382909017470016,25.993839858403373,-18.499907821657796,-18.418121287241977,526.5082889000065
0.3,tucker,10,0.02135637890434919,0.021563824924082053,10.440161180282272,9.215391255426699,-18.795718465435318,-18.71015378436809,490.18588343333005
0.3,tucker,11,0.031227538010221784,0.03136376158733321,10.772733194949856,10.274902066019337,-17.68681391859934,-17.64976603678444,501.24633893333277
0.3,tucker,12,0.01830513627733478,0.018379460766757904,8.318835706855573,7.11162710514792,-26.114010337550326,-26.075345860416657,526.7519001999996
0.3,tucker,13,0.020679705422010326,0.0208140843719133,22.7592521832368,20.157635217517633,-20.744277028526394,-20.68514249453909,489.0225099666716
0.3,tucker,14,0.013650090552011275,0.013784159198269289,12.025815981791302,11.358061274984829,-18.77299266178882,-18.684800808191067,475.63313513333
0.3,tucker,15,0.014859732858134377,0.014964190481804992,17.61114815503281,14.883239849305317,-20.161475861682195,-20.105650840914617,475.30734646667014
0.5,ntdpl,1,0.013503561727702618,0.013600849856932959,7.881767528044997,7.545428486137876,-23.93512678858907,-23.874980094744796,771.0277829333336
0.5,ntdpl,2,0.0641210104028384,0.06474871933460236,23.069912314385068,21.882890969447384,-10.430829261269826,-10.342449152486418,787.578295766667
0.5,ntdpl,3,0.026511698961257935,0.026869252944986027,12.793926700202741,12.707612736463185,-14.179365603156109,-14.058813653699893,1988.0411200333317
0.5,ntdpl,4,0.024210887650648754,0.02443461741010348,13.916423845612199,13.167301878540501,-21.714691018640604,-21.635497489383354,1289.7450763333327
0.5,ntdpl,5,0.009108508316179117,0.009148945411046347,26.432003232049254,23.414589366099875,-25.00418979720308,-24.96600039046108,1787.1881752666668
0.5,ntdpl,6,0.05203399807214737,0.05237543831268946,8.646729755607291,8.498780669209955,-12.83694999115725,-12.780695252299784,1462.012735033335
0.5,ntdpl,7,0.008327247574925423,0.008426805337270101,20.43197953381934,18.63409416843159,-21.61753061339702,-21.516504307138728,2145.536340766664
0.5,ntdpl,8,0.02337817909816901,0.023612591127554577,12.83329630108782,12.000301881874854,-19.454209065744664,-19.366302708230602,2520.057010033333
0.5,ntdpl,9,0.017438532784581184,0.017638944710294407,23.111396872661103,20.91207539406194,-19.60400818895061,-19.505820825930048,1006.1559213666673
0.5,ntdpl,10,0.018247352292140324,0.01845383954544862,8.520617378148232,7.725303179549918,-20.162286190817838,-20.06333204697081,1216.4123916
0.5,ntdpl,11,0.027592840294043224,0.02775054859618346,9.16517815252597,8.790333193532405,-18.761640802672808,-18.713406590935087,1174.7317957666626
0.5,ntdpl,12,0.013447453578313192,0.013506989926099777,6.947908042820511,6.535582763511094,-28.792668940870968,-28.75531061804882,1162.9859955999952
0.5,ntdpl,13,0.018521000320712726,0.018664730091889698,20.35831396528031,18.934714759925118,-21.701924037235035,-21.63437617869434,866.4035603333323
0.5,ntdpl,14,0.01220677855114142,0.012358821307619413,10.90764908434529,10.391939087578567,-19.743724888820964,-19.63768956489774,875.6032519
0.5,ntdpl,15,0.013218339843054613,0.013316530734300613,12.225549373375147,11.12106236982558,-21.178157422674676,-21.118986235597045,1196.1915031666576
0.5,tucker,1,0.014174157648604037,0.014278287284399088,8.396720497392137,8.152631753081616,-23.514143682869307,-23.452776519407006,477.11759129999945
0.5,tucker,2,0.0753631901809101,0.07581300137777199,27.334903365736107,26.619605276988107,-9.02764258103667,-8.972189087682656,485.0559858000003
0.5,tucker,3,0.03162560913762155,0.03191098105499344,10.932259106266388,10.679687822659938,-12.647323467891134,-12.565092047812044,480.5641768999946
0.5,tucker,4,0.027072991569845217,0.027291669884008874,14.886905451453147,14.424092609818041,-20.74417928647927,-20.67500403034133,517.8993718666728
0.5,tucker,5,0.010814965019668029,0.010874527091529898,28.22041815537106,25.07117808573251,-23.512632645382467,-23.465216578907654,505.1795773333336
0.5,tucker,6,0.05469029186764731,0.05498295701177899,8.84208368599124,8.759671744557096,-12.404488993555056,-12.35868604419027,507.5529380666703
0.5,tucker,7,0.00823848733316356,0.008351153891356747,17.24580184348747,16.840824097867255,-21.710590416320173,-21.594808987149843,502.9964010333376
0.5,tucker,8,0.030534066149023653,0.030744990737946957,18.443161724706933,17.782061519287563,-17.134731307227216,-17.073687267118046,503.9401112666698
0.5,tucker,9,0.019869574389317995,0.020059227595338503,29.218101167403216,27.42634926749226,-18.47042587574971,-18.388979768900292,539.3238967000021
0.5,tucker,10,0.02145011614159699,0.021680985791445628,10.470922039201476,9.85938582010049,-18.757681708951935,-18.667031874014384,507.789018566662
0.5,tucker,11,0.03126237932735935,0.031414037981167105,10.746839820260762,10.559573363425052,-17.67712889802657,-17.636363815525108,525.989724499998
0.5,tucker,12,0.018331293283747118,0.018408609798487203,8.322623143923842,7.769678411024817,-26.101607579827913,-26.06606229877974,669.7444086333368
0.5,tucker,13,0.02073150932506283,0.020874849993949837,22.82702371700415,21.638943353517963,-20.722551152293345,-20.662303829783756,683.7003728000009
0.5,tucker,14,0.013703534835184614,0.013845255277580721,12.002118369938943,11.67044888564324,-18.739052751719296,-18.651170339144226,467.50743793333214
0.5,tucker,15,0.014901326502178657,0.015002370439894752,17.621424839742307,16.099165994850495,-20.13719672996073,-20.08361038543183,450.2915978666597
0.7,ntdpl,1,0.013661287724971771,0.013752047593394915,7.503956166732728,7.391524399606211,-23.8345346242295,-23.777256693659485,776.632367733333
0.7,ntdpl,2,0.045746455900371075,0.04619259852916002,22.251084514516567,20.69830795285093,-14.14022342730354,-14.043795219397774,1361.2787760000003
0.7,ntdpl,3,0.026858118673165638,0.02728002021710078,12.808192473252229,12.811086771232318,-14.066596530886521,-13.927612123465067,1580.3869418333343
0.7,ntdpl,4,0.024402815848588943,0.024635712926586468,13.909686054247446,13.594527745317913,-21.646109385102196,-21.56496247664589,1661.2381272999992
0.7,ntdpl,5,0.009180234745144844,0.009225504783292612,26.442714045675,25.08733747023004,-24.936063583442245,-24.893628424935077,1716.8928226666674
0.7,ntdpl,6,0.05228341494997343,0.052625227719545364,8.65863231744864,8.6027798967578,-12.795415556070315,-12.739103426499682,1715.4040845666652
0.7,ntdpl,7,0.008440636408825716,0.008550116481880346,20.477341240715646,19.666000125516003,-21.500047112003653,-21.388383153611475,2110.6420472000027
0.7,ntdpl,8,0.02362579790254434,0.023866729189952213,12.879905125097608,12.51670477008834,-19.362701315951742,-19.276834393104675,2402.352672599998
0.7,ntdpl,9,0.01735652983188629,0.017558094734946888,23.171757783391566,17.07748632278972,-19.645039049702472,-19.545680387606364,431.32277753333136
0.7,ntdpl,10,0.018072538698712986,0.01829219174881776,13.445298838604366,11.814735545504165,-19.932542424295203,-19.828660398618165,893.2243087666624
0.7,ntdpl,11,0.02772183281679948,0.027874863396088283,9.183727126241427,9.039852939814178,-18.721132206593406,-18.674309401380864,1126.7730435999983
0.7,ntdpl,12,0.013494879938662052,0.013554316324492296,6.9483205264655,6.7735825339786,-28.762089035238663,-28.72546393620692,1113.2137223000027
0.7,ntdpl,13,0.018574794754385948,0.01871732622385025,20.34682303658438,19.477944356393,-21.676688084242482,-21.610069073465866,847.8426601333291
0.7,ntdpl,14,0.012295102390150229,0.012443226762115955,10.92391321009518,10.603448786687068,-19.681079232548054,-19.57810580824923,1128.6524948333292
0.7,ntdpl,15,0.01329820416867733,0.013396961614489555,12.241937667674373,11.747990832871473,-21.125839579010034,-21.064250783786704,1156.4419092666697
0.7,tucker,1,0.014276024230714194,0.014373628170835583,7.820084023561864,7.753765836876337,-23.45196834957892,-23.39301905196325,473.4443904000048
0.7,tucker,2,0.0757106675748589,0.07615228565587147,27.513796129974224,27.219561978958364,-8.987687104751679,-8.934591922577022,470.40240829999675
0.7,tucker,3,0.031910501094871695,0.032249165238564394,11.073296972154084,10.992424870571682,-12.569428679765338,-12.474120417512571,460.6671030666621
0.7,tucker,4,0.02731502878337601,0.027540401504931252,14.954757327165261,14.762138961430841,-20.66687313181711,-20.59685929364201,502.5019004333396
0.7,tucker,5,0.010917734994594799,0.010986631750316436,28.25963365012103,26.833963815757475,-23.430487048791324,-23.37613884203167,511.3030613333346
0.7,tucker,6,0.05494212264350464,0.05523082201608014,8.860059377529714,8.82964470831581,-12.364585149627407,-12.319351257939749,479.22607400000317
0.7,tucker,7,0.008383223832427004,0.008508607423709914,17.50804228958815,17.2950907165062,-21.559315572520088,-21.430632177714813,526.1062336666655
0.7,tucker,8,0.03078218713815052,0.031011514048270614,18.440257784422275,18.147015252038965,-17.06443615348594,-17.002222036563474,500.3068889333372
0.7,tucker,9,0.020058047469976168,0.020249242008218805,29.168020977578504,28.36871880746416,-18.388424172127547,-18.304621005603664,511.6674404000053
0.7,tucker,10,0.02167294743486659,0.021907617756326367,10.511915070421894,10.235275399160345,-18.66792285627534,-18.574507245671878,480.5488481666641
0.7,tucker,11,0.03137248998618971,0.031522466966762995,10.76601078688931,10.700823759554744,-17.646591457545778,-17.606160713864313,557.4663294333344
0.7,tucker,12,0.018411461489693078,0.018494873746352055,8.349478748355041,8.113004365269886,-26.063704402076723,-26.025988692132575,627.3249369333402
0.7,tucker,13,0.020990459804924144,0.021134669155948308,22.706991774438816,22.216167858219592,-20.61513845526598,-20.556627903147966,580.951854700005
0.7,tucker,14,0.013806042021194884,0.013938072000526798,12.059701261930527,11.919113420072792,-18.674319408570494,-18.593221588343834,479.51655233333366
0.7,tucker,15,0.014999382424513872,0.015100457832000718,17.666017421191313,16.944501677713223,-20.080230026593224,-20.024570722912504,458.67534373333393
