scene_id,rank,method,params,run_dir,RMSE,SAM,NMSE_dB,fit_time_sec
1,"(18,18,3)",NTD-PL,19504,C:\Users\mrkys\workspace\NTD-PL\multirun\neurips-cave-recon-lowrank\benchmark\ntdpl_r18_18_3_s01,0.019182423969978338,10.915790651627631,-20.88600272564579,177.61415199993644
2,"(18,18,3)",NTD-PL,19504,C:\Users\mrkys\workspace\NTD-PL\multirun\neurips-cave-recon-lowrank\benchmark\ntdpl_r18_18_3_s02,0.08659162398525498,26.136699840566028,-7.821310631121099,179.14333709992934
3,"(18,18,3)",NTD-PL,19504,C:\Users\mrkys\workspace\NTD-PL\multirun\neurips-cave-recon-lowrank\benchmark\ntdpl_r18_18_3_s03,0.03827742399311389,30.4431013011316,-10.989247256876759,178.88527879992034
4,"(18,18,3)",NTD-PL,19504,C:\Users\mrkys\workspace\NTD-PL\multirun\neurips-cave-recon-lowrank\benchmark\ntdpl_r18_18_3_s04,0.033365516408257294,16.877697576118628,-18.92894649727007,184.32586129999254
5,"(18,18,3)",NTD-PL,19504,C:\Users\mrkys\workspace\NTD-PL\multirun\neurips-cave-recon-lowrank\benchmark\ntdpl_r18_18_3_s05,0.011858281926808458,26.731812121813896,-22.71269952935881,191.09677489998285
6,"(18,18,3)",NTD-PL,19504,C:\Users\mrkys\workspace\NTD-PL\multirun\neurips-cave-recon-lowrank\benchmark\ntdpl_r18_18_3_s06,0.06320703713377177,10.108981118539885,-11.147385282121467,190.79986630007625
7,"(18,18,3)",NTD-PL,19504,C:\Users\mrkys\workspace\NTD-PL\multirun\neurips-cave-recon-lowrank\benchmark\ntdpl_r18_18_3_s07,0.010781293529708986,22.719638280749717,-19.374098493461837,212.78218029998243
8,"(18,18,3)",NTD-PL,19504,C:\Users\mrkys\workspace\NTD-PL\multirun\neurips-cave-recon-lowrank\benchmark\ntdpl_r18_18_3_s08,0.0349550385169066,18.707286964391212,-15.960226137902627,213.53209410002455
9,"(18,18,3)",NTD-PL,19504,C:\Users\mrkys\workspace\NTD-PL\multirun\neurips-cave-recon-lowrank\benchmark\ntdpl_r18_18_3_s09,0.024360230693340635,24.868989454043,-16.70056518094446,181.72040890005883
10,"(18,18,3)",NTD-PL,19504,C:\Users\mrkys\workspace\NTD-PL\multirun\neurips-cave-recon-lowrank\benchmark\ntdpl_r18_18_3_s10,0.026315961768884674,17.671423117789647,-16.98188589003943,183.59646370005794
11,"(18,18,3)",NTD-PL,19504,C:\Users\mrkys\workspace\NTD-PL\multirun\neurips-cave-recon-lowrank\benchmark\ntdpl_r18_18_3_s11,0.04427449101418529,14.637010818706809,-14.654496818330841,193.73457150009926
12,"(18,18,3)",NTD-PL,19504,C:\Users\mrkys\workspace\NTD-PL\multirun\neurips-cave-recon-lowrank\benchmark\ntdpl_r18_18_3_s12,0.01796394570000314,7.881304999387604,-26.277435048986636,193.17010360001586
13,"(18,18,3)",NTD-PL,19504,C:\Users\mrkys\workspace\NTD-PL\multirun\neurips-cave-recon-lowrank\benchmark\ntdpl_r18_18_3_s13,0.028225435187918403,23.16786891809253,-18.042349121010094,217.17001200001687
14,"(18,18,3)",NTD-PL,19504,C:\Users\mrkys\workspace\NTD-PL\multirun\neurips-cave-recon-lowrank\benchmark\ntdpl_r18_18_3_s14,0.018201189985198655,20.057519496535583,-16.27370627731523,211.7877726999577
15,"(18,18,3)",NTD-PL,19504,C:\Users\mrkys\workspace\NTD-PL\multirun\neurips-cave-recon-lowrank\benchmark\ntdpl_r18_18_3_s15,0.02089997262215647,17.540244655068584,-17.198781130122253,172.47890390001703
1,"(18,18,3)",Tucker,19497,C:\Users\mrkys\workspace\NTD-PL\multirun\neurips-cave-recon-lowrank\benchmark\tucker_r18_18_3_s01,0.02068813533125501,11.794058750701023,-20.229645466843806,10.12302549998276
2,"(18,18,3)",Tucker,19497,C:\Users\mrkys\workspace\NTD-PL\multirun\neurips-cave-recon-lowrank\benchmark\tucker_r18_18_3_s02,0.09870648705808616,30.15830678435573,-6.683914410517499,9.894847000017762
3,"(18,18,3)",Tucker,19497,C:\Users\mrkys\workspace\NTD-PL\multirun\neurips-cave-recon-lowrank\benchmark\tucker_r18_18_3_s03,0.043074610637992825,31.30691021873074,-9.963674103872693,11.609591999906115
4,"(18,18,3)",Tucker,19497,C:\Users\mrkys\workspace\NTD-PL\multirun\neurips-cave-recon-lowrank\benchmark\tucker_r18_18_3_s04,0.038274397022103446,18.892597700883343,-17.73673636591775,10.734827800071798
5,"(18,18,3)",Tucker,19497,C:\Users\mrkys\workspace\NTD-PL\multirun\neurips-cave-recon-lowrank\benchmark\tucker_r18_18_3_s05,0.015441734818706592,29.506298439234317,-20.419213155550715,13.73973760008812
6,"(18,18,3)",Tucker,19497,C:\Users\mrkys\workspace\NTD-PL\multirun\neurips-cave-recon-lowrank\benchmark\tucker_r18_18_3_s06,0.06522090775404868,10.425700953927667,-10.874957160434368,11.641619100002572
7,"(18,18,3)",Tucker,19497,C:\Users\mrkys\workspace\NTD-PL\multirun\neurips-cave-recon-lowrank\benchmark\tucker_r18_18_3_s07,0.012183188784222634,24.25398608598453,-18.312296420900488,11.871924499981105
8,"(18,18,3)",Tucker,19497,C:\Users\mrkys\workspace\NTD-PL\multirun\neurips-cave-recon-lowrank\benchmark\tucker_r18_18_3_s08,0.04361514448646854,25.26880314234294,-14.037675527632814,11.261811600066721
9,"(18,18,3)",Tucker,19497,C:\Users\mrkys\workspace\NTD-PL\multirun\neurips-cave-recon-lowrank\benchmark\tucker_r18_18_3_s09,0.028927650598919146,32.535244620252506,-15.207929852137543,12.514747999957763
10,"(18,18,3)",Tucker,19497,C:\Users\mrkys\workspace\NTD-PL\multirun\neurips-cave-recon-lowrank\benchmark\tucker_r18_18_3_s10,0.03067115203592103,18.029629718422925,-15.651669050361104,11.599319100030698
11,"(18,18,3)",Tucker,19497,C:\Users\mrkys\workspace\NTD-PL\multirun\neurips-cave-recon-lowrank\benchmark\tucker_r18_18_3_s11,0.05008490170422615,16.193151837198876,-13.583431846491582,11.317538999952376
12,"(18,18,3)",Tucker,19497,C:\Users\mrkys\workspace\NTD-PL\multirun\neurips-cave-recon-lowrank\benchmark\tucker_r18_18_3_s12,0.028886785244511038,10.48588336229698,-22.151485467318746,11.554145000060089
13,"(18,18,3)",Tucker,19497,C:\Users\mrkys\workspace\NTD-PL\multirun\neurips-cave-recon-lowrank\benchmark\tucker_r18_18_3_s13,0.032163267706303976,26.974026520873075,-16.907958744855396,11.633745400002226
14,"(18,18,3)",Tucker,19497,C:\Users\mrkys\workspace\NTD-PL\multirun\neurips-cave-recon-lowrank\benchmark\tucker_r18_18_3_s14,0.021861066031430197,25.74112478052063,-14.682275214250364,16.4896912999684
15,"(18,18,3)",Tucker,19497,C:\Users\mrkys\workspace\NTD-PL\multirun\neurips-cave-recon-lowrank\benchmark\tucker_r18_18_3_s15,0.023926389608418645,23.85219964968534,-16.024152067377603,13.959351899917237
