dataset,protocol,rank,target_shape,missing_rate,method,fit_time_mean,n_runs,n_items,RMSE_missing_mean,RMSE_missing_std,SAM_missing_mean,SAM_missing_std,NMSE_dB_missing_mean,NMSE_dB_missing_std,ERGAS_missing_mean,ERGAS_missing_std,PSNR_missing_mean,PSNR_missing_std,SSIM_missing_mean,SSIM_missing_std,rmse_wins_vs_tucker,sam_wins_vs_tucker
cave_hsi,block,"(12,12,3)","(128,128)",0.3,tucker,4.434323451111817,45,15,0.18165763635795856,0.06712040681008528,38.63826487919105,10.664656266850495,-1.3994535734902382,1.8119530007445614,151.51179410756637,44.52189966734087,15.464640742350293,3.548486142482173,0.40255734877140426,0.145013228476986,0,0
cave_hsi,block,"(12,12,3)","(128,128)",0.3,ntdpl,7.996480882227317,45,15,0.23599268529150222,0.19300479576547758,26.846271850614606,7.323211806882319,-0.2606302581330991,4.90838277348919,199.41738540597476,174.69233307878122,14.325817414959003,5.373278823866735,0.3871063060490816,0.1883350093659509,32,45
cave_hsi,block,"(12,12,3)","(128,128)",0.3,softimpute,48.41881902221487,45,15,0.13815218748317826,0.04936088979586897,17.864439239678898,6.013572019246619,-3.740315936794927,1.3335733995680845,111.87310702880399,24.226895879803862,17.80550316067789,3.428806694477193,0.42540014804265874,0.1560148279598592,43,45
cave_hsi,block,"(12,12,3)","(128,128)",0.5,tucker,2.6465543422330584,45,15,0.18015358635876158,0.05881895428344506,37.87406960795874,10.116218060125655,-1.586396245323965,1.5000442169693085,144.64262213036037,35.142690631714835,15.365692410149348,2.979760307979071,0.32228645152451935,0.1186296697361149,0,0
cave_hsi,block,"(12,12,3)","(128,128)",0.5,ntdpl,5.533123864448215,45,15,0.20480606390370262,0.15571535013054966,27.821636497329614,7.065636699837999,-1.3436490697941135,4.043672982653963,203.39723918561282,417.1740954839573,15.122945235294972,4.400384540945992,0.3502886727954696,0.14086652781118883,37,45
cave_hsi,block,"(12,12,3)","(128,128)",0.5,softimpute,95.2753099955515,45,15,0.1553867467575603,0.045167517134548835,19.03168654237693,5.535589715732479,-2.774465671917516,1.0576503476061045,123.69957475319073,27.473881133243612,16.553761828198176,2.6643403973188042,0.3010641225367511,0.13304655368644272,41,45
cave_hsi,block,"(12,12,3)","(128,128)",0.7,tucker,4.4891426511057135,45,15,0.17846864779258415,0.053436640615804054,36.269199931730206,9.382360967552161,-1.5702583811675932,1.0719187946532143,145.75115008666913,32.27354490421684,15.362843511507114,2.682364224770465,0.20469830343508516,0.07940322364707249,0,0
cave_hsi,block,"(12,12,3)","(128,128)",0.7,ntdpl,6.803087757778768,45,15,0.1864238535364469,0.08320841573877377,30.128305890426777,6.36203438817432,-1.497754626720004,2.039155295372554,148.2253667143956,45.27849329110227,15.290339702013465,3.4211841802247123,0.2290286617148353,0.09328044253397895,37,45
cave_hsi,block,"(12,12,3)","(128,128)",0.7,softimpute,240.0667935000008,45,15,0.17564102129803763,0.04963204857392919,21.062576271655736,5.817554104179276,-1.6697201939091295,0.7849172340365512,141.80172370311638,29.3792367206776,15.46230528724964,2.5590663845549515,0.15126435455921955,0.09008918558073765,24,45
cave_hsi,block,"(24,24,4)","(128,128)",0.3,tucker,14.14252045778299,45,15,0.18390140565081994,0.072388275054019,35.74004619034243,10.62385999824255,-1.3408648364339806,1.5900217540101014,152.40133427217322,43.31818108427147,15.406052005294036,3.619479926516415,0.2801715348280926,0.11418732806758503,0,0
cave_hsi,block,"(24,24,4)","(128,128)",0.3,ntdpl,16.39734123111961,45,15,0.17967644275890457,0.11851074054219159,25.30158703286765,7.059947490189593,-2.1715562415320258,2.8004283775950163,140.65825693939766,72.41392013745322,16.236743505274013,4.656716409044686,0.36119169294719283,0.13523069857226813,42,45
cave_hsi,block,"(24,24,4)","(128,128)",0.3,softimpute,151.20470068570492,7,7,0.13168976455926895,0.045467597940128196,17.247610856694905,6.704964628672704,-3.6436136565935735,1.2370263090894325,119.9413097757138,21.188655152995544,18.12306215129186,3.3547568118896356,0.4092297029491018,0.1653360203464036,6,7
cave_hsi,block,"(24,24,4)","(128,128)",0.5,tucker,3.950640457785792,45,15,0.18136896000975808,0.06031727066291438,34.93683263816099,10.148689154010563,-1.5378107110176384,1.2464898266728992,145.83451126302586,35.26908674179937,15.317106875843022,2.997575554510384,0.1908430286976865,0.07823063429934873,0,0
cave_hsi,block,"(24,24,4)","(128,128)",0.5,ntdpl,6.62443461333298,45,15,0.1709857713845041,0.06171568717306336,27.14001413741692,6.16534852653933,-2.1325174423357227,1.3987153704747295,135.06486432303592,33.481839525945794,15.911813561034721,3.2453088763186564,0.2590258618865939,0.08613207500091166,42,45
cave_hsi,block,"(24,24,4)","(128,128)",0.7,tucker,8.867613033319099,45,15,0.17711311269339827,0.051928984493789174,33.4281629539968,8.514675423505793,-1.6134506245006426,0.8810628506220374,144.9931875941746,32.78025095257447,15.406035754840165,2.5951051675358423,0.10774923375718877,0.04369828626568629,0,0
cave_hsi,block,"(24,24,4)","(128,128)",0.7,ntdpl,10.442130042203805,45,15,0.16934266520871055,0.0494365476341812,29.053319540588497,5.90017607363449,-2.0090240524040333,0.757394456935127,136.96825295203965,28.069548700136846,15.801609121683706,2.638714288117573,0.1707988058634592,0.06187415492849255,44,44
cave_hsi,random,"(12,12,3)","(128,128)",0.3,tucker,0.9597453999953965,45,15,0.04394578088358097,0.025058531613295437,21.031576477715305,6.495611789144646,-14.166586782291397,4.134079630720432,41.459541163920186,20.14675246787819,28.33426880582413,4.529149341795744,0.9458739672402479,0.06892385192191212,0,0
cave_hsi,random,"(12,12,3)","(128,128)",0.3,ntdpl,5.736046328879375,45,15,0.04021469708532095,0.02421698884520848,18.293616875191404,5.5289684704193816,-15.051211119070338,4.434076584063209,37.80828467947837,19.619870158394896,29.218893185065625,4.716979509921546,0.9537715864040387,0.060749772836600026,45,41
cave_hsi,random,"(12,12,3)","(128,128)",0.3,softimpute,8.703480515559203,45,15,0.04614602281815476,0.01724063465520916,13.027592187632258,3.0047948791631605,-13.138955025870025,2.236670941049102,43.95760823612488,12.467900380582163,27.306637124158595,3.2597553398913166,0.9440428141368249,0.04118945598300529,15,45
cave_hsi,random,"(12,12,3)","(128,128)",0.5,tucker,1.0089024288786783,45,15,0.04409960943602797,0.0250891730721245,22.716438538680855,6.963834315747206,-14.12834793231859,4.1366158732082505,41.660526737299975,20.302660963288027,28.301435517583606,4.526598058539077,0.9454605630060654,0.06924974820202816,0,0
cave_hsi,random,"(12,12,3)","(128,128)",0.5,ntdpl,5.246580422216923,45,15,0.040407674945890905,0.02429119186872757,20.149601384560125,6.240181453284019,-15.003832553931105,4.441067782030593,38.048411157103764,19.81240704984163,29.176920117178344,4.719319789724422,0.953266355443462,0.06129820029839589,45,36
cave_hsi,random,"(12,12,3)","(128,128)",0.5,softimpute,14.944066068884503,45,15,0.05455267503857612,0.01854104471794274,15.66711250303299,3.456640698481307,-11.608324601566844,1.8832477141880812,51.89120448082428,12.989868742759503,25.781412126233796,3.093368724774369,0.9205364760213632,0.048443817996098454,6,42
cave_hsi,random,"(12,12,3)","(128,128)",0.7,tucker,1.3586502177873627,45,15,0.04458139556351334,0.025261790336190044,23.657241448847245,7.32363122507589,-14.020361379760846,4.127415978323786,42.145167907574375,20.447785044186297,28.191112351334166,4.488787819210242,0.9444051335767759,0.07035246311335662,0,0
cave_hsi,random,"(12,12,3)","(128,128)",0.7,ntdpl,5.9091768888782505,45,15,0.040857290828393567,0.024451081751782525,21.05978876531761,6.6546163091410735,-14.889733625495518,4.434488008010497,38.52495416715453,19.96049762350648,29.060484555480787,4.674281298886063,0.9524030174755325,0.06220135691931321,45,37
cave_hsi,random,"(12,12,3)","(128,128)",0.7,softimpute,24.314273515548038,45,15,0.07083771634433005,0.02195577490780555,18.761102790710744,3.72425550608883,-9.268331820209738,1.4429397043358092,66.77942468260208,14.695926793051171,23.43908282632677,2.8831560636594764,0.8594386924572277,0.06528600721510562,3,36
cave_hsi,random,"(24,24,4)","(128,128)",0.3,tucker,1.5242925088878514,45,15,0.030025773186688306,0.02085594256616126,15.775715249733755,6.567878967767417,-17.883097206523246,4.67015607293033,28.795112498731452,17.489925189128467,32.05077923005597,5.120871052289325,0.9731636133228829,0.040414157778685345,0,0
cave_hsi,random,"(24,24,4)","(128,128)",0.3,ntdpl,9.193826075539821,45,15,0.02678825712452332,0.019010529291306515,13.16862315169351,5.014696605306801,-18.912566602167644,4.807258905731771,25.6797234140821,15.828558735835223,33.08024859941482,5.139853198004781,0.9785129810806765,0.03215939328005784,45,42
cave_hsi,random,"(24,24,4)","(128,128)",0.3,softimpute,8.941246686653338,45,15,0.04533130886654059,0.01619717415270478,12.41023813629477,3.075685935768459,-13.25929255808696,2.0782489468969407,43.207106564294364,11.373989389711465,27.42697460872272,3.179558880384291,0.9470360624050962,0.03503174252383895,3,34
cave_hsi,random,"(24,24,4)","(128,128)",0.5,tucker,1.094837119999445,45,15,0.03029993649976371,0.020992029103604915,16.825475467267967,7.073803360085666,-17.788266654833457,4.667402692261373,29.079125945118733,17.68483245462276,31.961354240098476,5.1000398267441645,0.9726356884232115,0.04111647618005363,0,0
cave_hsi,random,"(24,24,4)","(128,128)",0.5,ntdpl,7.204432273337928,45,15,0.02708941133071979,0.019198481551321506,14.460640688656193,5.703970391374228,-18.8079671090116,4.8231637526607765,25.988019338554167,16.052484736864365,32.98105473489361,5.136966124524142,0.9779714806927221,0.032902741510004586,45,39
cave_hsi,random,"(24,24,4)","(128,128)",0.5,softimpute,14.528127740007928,45,15,0.05417080620924632,0.018075854812065757,15.341330559966615,3.5460790194326313,-11.656866056565073,1.8035793966555929,51.49716913473747,12.371407079032805,25.829953568988156,3.0620090828973927,0.9222364846867198,0.044810537389897175,3,26
cave_hsi,random,"(24,24,4)","(128,128)",0.7,tucker,2.3782781755603435,45,15,0.03114558880792698,0.021257303540320793,17.46707037517468,7.435644121396142,-17.497005506175483,4.617032147065213,29.894971686540906,17.981213088006076,31.667756477748803,4.999268374749524,0.971343960889752,0.04237786682419093,0,0
cave_hsi,random,"(24,24,4)","(128,128)",0.7,ntdpl,8.582604224446953,45,15,0.028106266198058925,0.01957535000794479,15.17422713428585,6.114882504830825,-18.42007416321291,4.78533054681458,26.94336259106947,16.485646423563622,32.5908251139572,5.003436339465821,0.9764453391827836,0.0345264886240188,44,39
cave_hsi,random,"(24,24,4)","(128,128)",0.7,softimpute,22.93241026665912,45,15,0.07075544719894727,0.021918752173462928,18.65520484243257,3.7960388705060404,-9.278213271468756,1.4277221081538691,66.67299417971378,14.560338109905986,23.44896433862707,2.8824879272648145,0.8598535510807764,0.06465587826232858,0,15
