dataset_key,dataset,shape,rank,p_max,n_iter_max,lr_core,lr_factors,lambda_beta,tucker_time_sec,ntdpl_time_sec,tucker_rmse,tucker_nmse_db,tucker_psnr,tucker_ssim,tucker_sam,ntdpl_rmse,ntdpl_nmse_db,ntdpl_psnr,ntdpl_ssim,ntdpl_sam,gain_rmse_pct,delta_nmse_db,delta_psnr,delta_ssim,delta_sam
cbsd,CBSD68,68x96x96x3,"(4,12,12,2)",2,160,0.0001,0.0003,1e-06,0.6272991999285296,11.921163400053048,0.1836805790662765,-8.44657380308035,14.718734858558967,0.631518728039915,9.054832350616731,0.1830067634582519,-8.478496610550435,14.75065716638838,0.6352134735972482,8.601226481824838,0.3668409645972793,0.0319228074700852,0.0319223078294115,0.0036947455573331,0.4536058687918931
cifar,CIFAR-10,1000x32x32x3,"(8,8,8,2)",2,160,0.0001,0.0003,1e-06,2.61147520004306,28.785482099978253,0.154103085398674,-10.817745805458188,16.243772807563907,0.7699175117197538,6.910247490491008,0.1536587476730346,-10.842826436391004,16.26885392504307,0.7714346337990361,6.573444926021468,0.288337981351778,0.0250806309328162,0.0250811174791643,0.0015171220792823,0.33680256446954
norb,smallNORB,25x18x64x64x2,"(4,6,12,12,2)",2,160,0.0001,0.0003,1e-06,2.0975085999816656,38.01230130007025,0.0790401548147201,-21.14714213967215,22.043044918404245,0.8013141876865263,1.0740976182218926,0.0771838128566742,-21.35357329311759,22.249475610055534,0.8123341047242149,1.052509530295012,2.348606176692661,0.2064311534454397,0.2064306916512883,0.0110199170376885,0.0215880879268806
cbsd,CBSD68,68x96x96x3,"(4,12,12,2)",3,160,0.0001,0.0003,1e-06,0.5133937000064179,11.998837199993432,0.1836805790662765,-8.44657380308035,14.718734858558967,0.631518728039915,9.054832350616731,0.1828051060438156,-8.488072512154602,14.760233951615898,0.6363432321789619,8.57900610121314,0.4766279739052025,0.0414987090742524,0.041499093056931,0.0048245041390468,0.4758262494035907
cbsd,CBSD68,68x96x96x3,"(4,12,12,2)",4,180,7e-05,0.0002,1e-06,0.5133937000064179,15.713929799967444,0.1836805790662765,-8.44657380308035,14.718734858558967,0.631518728039915,9.054832350616731,0.1825043261051178,-8.502375680334438,14.774536573228048,0.6379515946981047,8.573035771114522,0.6403796019906551,0.0558018772540886,0.0558017146690801,0.0064328666581896,0.481796579502209
cbsd,CBSD68,68x96x96x3,"(4,12,12,2)",3,220,7e-05,0.0002,1e-07,0.5133937000064179,19.201789899962023,0.1836805790662765,-8.44657380308035,14.718734858558967,0.631518728039915,9.054832350616731,0.1827999502420425,-8.488317869027988,14.760478891410134,0.6364000443441714,8.573299545544305,0.479434912885513,0.041744065947638,0.0417440328511666,0.0048813163042563,0.4815328050724261
cbsd,CBSD68,68x96x96x3,"(6,12,12,2)",2,160,0.0001,0.0003,1e-06,1.3834035000763834,14.587912500021048,0.1718145906925201,-9.026638025031378,15.298799118567493,0.6916625693807101,7.994957112754934,0.1715043485164642,-9.042336321688284,15.314497518286462,0.6932116481420864,7.714755833990144,0.1805680034538617,0.0156982966569074,0.0156983997189694,0.0015490787613762,0.2802012787647898
cbsd,CBSD68,68x96x96x3,"(6,12,12,2)",3,160,0.0001,0.0003,1e-06,1.3834035000763834,16.494659299962223,0.1718145906925201,-9.026638025031378,15.298799118567493,0.6916625693807101,7.994957112754934,0.1707961559295654,-9.078277062129915,15.350438362639336,0.6965558226757688,7.388006752178182,0.5927521980815387,0.0516390370985391,0.0516392440718433,0.0048932532950586,0.6069503605767519
cbsd,CBSD68,68x96x96x3,"(6,12,12,2)",4,180,7e-05,0.0002,1e-06,1.3834035000763834,20.19969460007269,0.1718145906925201,-9.026638025031378,15.298799118567493,0.6916625693807101,7.994957112754934,0.1706835478544235,-9.08400576705398,15.356167086796734,0.6970711747221293,7.380985433442083,0.6582926592775441,0.0573677420226026,0.0573679682292418,0.0054086053414191,0.6139716793128507
cbsd,CBSD68,68x96x96x3,"(6,12,12,2)",3,220,7e-05,0.0002,1e-07,1.3834035000763834,19.09451199998148,0.1718145906925201,-9.026638025031378,15.298799118567493,0.6916625693807101,7.994957112754934,0.1707933694124221,-9.078418905327574,15.350580080377178,0.69659382565299,7.383402784722768,0.5943740144430119,0.0517808802961958,0.0517809618096851,0.0049312562722798,0.6115543280321658
cbsd,CBSD68,68x96x96x3,"(8,12,12,2)",2,160,0.0001,0.0003,1e-06,1.3342862999998033,12.688366999966092,0.1652452498674392,-9.365259111253591,15.63742011338514,0.721213118305274,8.001328195558786,0.1649544239044189,-9.380559283640556,15.652720504888332,0.7227177075745149,7.68640790455165,0.1759965646538263,0.015300172386965,0.0153003915031924,0.0015045892692409,0.3149202910071356
cbsd,CBSD68,68x96x96x3,"(8,12,12,2)",3,160,0.0001,0.0003,1e-06,1.3342862999998033,13.788772500003688,0.1652452498674392,-9.365259111253591,15.63742011338514,0.721213118305274,8.001328195558786,0.1639903634786605,-9.431472924918992,15.70363389747693,0.7267075060696897,7.26287722422517,0.7594084488270397,0.0662138136654011,0.06621378409179,0.0054943877644156,0.7384509713336165
cbsd,CBSD68,68x96x96x3,"(8,12,12,2)",4,180,7e-05,0.0002,1e-06,1.3342862999998033,17.275446100044064,0.1652452498674392,-9.365259111253591,15.63742011338514,0.721213118305274,8.001328195558786,0.1639538705348968,-9.433405383903455,15.705566373928155,0.7268933831889911,7.252554471242826,0.7814925594402088,0.068146272649864,0.0681462605430152,0.005680264883717,0.74877372431596
cbsd,CBSD68,68x96x96x3,"(8,12,12,2)",3,220,7e-05,0.0002,1e-07,1.3342862999998033,18.73697279999033,0.1652452498674392,-9.365259111253591,15.63742011338514,0.721213118305274,8.001328195558786,0.1639861911535263,-9.431693498639314,15.703854820220162,0.7267658389034587,7.257839133170341,0.761933377766071,0.0664343873857227,0.0664347068350217,0.0055527205981846,0.7434890623884449
cbsd,CBSD68,68x96x96x3,"(8,16,16,2)",2,160,0.0001,0.0003,1e-06,1.3668370000086725,13.49484089994803,0.1643912345170974,-9.410265937854374,15.682427021606596,0.7248776704843944,8.051113892575707,0.1639916151762008,-9.431405931772774,15.7035669885556,0.726687450060011,7.647030411560834,0.2430904190667441,0.0211399939183998,0.0211399669490042,0.0018097795756165,0.4040834810148723
cbsd,CBSD68,68x96x96x3,"(8,16,16,2)",3,160,0.0001,0.0003,1e-06,1.3668370000086725,14.235044399974868,0.1643912345170974,-9.410265937854374,15.682427021606596,0.7248776704843944,8.051113892575707,0.1629892587661743,-9.484659537052364,15.756820216769436,0.7309408919438379,7.266022856053354,0.8528287746250512,0.0743935991979896,0.0743931951628393,0.0060632214594434,0.7850910365223527
cbsd,CBSD68,68x96x96x3,"(8,16,16,2)",4,180,7e-05,0.0002,1e-06,1.3668370000086725,17.254759300034493,0.1643912345170974,-9.410265937854374,15.682427021606596,0.7248776704843944,8.051113892575707,0.162948727607727,-9.486819654517916,15.758980753059292,0.7311175344389487,7.256658096425994,0.8774840785202539,0.0765537166635415,0.0765537314526962,0.0062398639545542,0.7944557961497125
cbsd,CBSD68,68x96x96x3,"(8,16,16,2)",3,220,7e-05,0.0002,1e-07,1.3668370000086725,20.56953680003062,0.1643912345170974,-9.410265937854374,15.682427021606596,0.7248776704843944,8.051113892575707,0.162985011935234,-9.484885989970849,15.757046945282749,0.7309835196629331,7.26151266105102,0.8554121428640706,0.0746200521164741,0.0746199236761508,0.0061058491785386,0.7896012315246868
cbsd,CBSD68,68x96x96x3,"(10,16,16,2)",2,160,0.0001,0.0003,1e-06,0.6345963000785559,8.938180199940689,0.158464029431343,-9.729224937660438,16.001385981644717,0.7492719929139462,8.076713990252502,0.1578892916440963,-9.7607852651941,16.032946309903007,0.7515939299322083,7.559722298718848,0.3626929021741921,0.0315603275336613,0.0315603282582905,0.0023219370182621,0.5169916915336543
cbsd,CBSD68,68x96x96x3,"(10,16,16,2)",3,160,0.0001,0.0003,1e-06,0.6345963000785559,9.552248199936002,0.158464029431343,-9.729224937660438,16.001385981644717,0.7492719929139462,8.076713990252502,0.1569807976484298,-9.810908645325858,16.083069555465702,0.7552035785699999,7.161303772374578,0.9360053434434724,0.0816837076654195,0.0816835738209853,0.0059315856560536,0.9154102178779242
cbsd,CBSD68,68x96x96x3,"(10,16,16,2)",4,180,7e-05,0.0002,1e-06,0.6345963000785559,12.063746600062586,0.158464029431343,-9.729224937660438,16.001385981644717,0.7492719929139462,8.076713990252502,0.1568766981363296,-9.816669884279568,16.088831359817668,0.7555974303954935,7.130533369559429,1.0016981776303768,0.0874449466191293,0.0874453781729514,0.0063254374815473,0.946180620693073
cbsd,CBSD68,68x96x96x3,"(10,16,16,2)",3,220,7e-05,0.0002,1e-07,0.6345963000785559,16.895656700013205,0.158464029431343,-9.729224937660438,16.001385981644717,0.7492719929139462,8.076713990252502,0.1569788157939911,-9.811018311839756,16.083179539715616,0.7552280725598552,7.155782816806455,0.9372560086233834,0.0817933741793179,0.081793558070899,0.005956079645909,0.9209311734460472
cbsd,CBSD68,68x96x96x3,"(12,16,16,2)",2,160,0.0001,0.0003,1e-06,1.8878146999049927,13.529713900061324,0.1534226983785629,-10.010046890245391,16.28220779161089,0.7686042935711445,7.983749230167381,0.1529334783554077,-10.037787815428098,16.309948910908087,0.7704930646890865,7.489028982193622,0.3188706940534224,0.0277409251827069,0.0277411192971968,0.001888771117942,0.4947202479737589
cbsd,CBSD68,68x96x96x3,"(12,16,16,2)",3,160,0.0001,0.0003,1e-06,1.8878146999049927,14.35377669997979,0.1534226983785629,-10.010046890245391,16.28220779161089,0.7686042935711445,7.983749230167381,0.1519869416952133,-10.091713217631089,16.36387404730473,0.7740090887461846,7.038994418766107,0.9358176453180028,0.0816663273856956,0.0816662556938396,0.0054047951750401,0.9447548114012738
cbsd,CBSD68,68x96x96x3,"(12,16,16,2)",4,180,7e-05,0.0002,1e-06,1.8878146999049927,16.752948600100353,0.1534226983785629,-10.010046890245391,16.28220779161089,0.7686042935711445,7.983749230167381,0.1519058048725128,-10.0963516732916,16.368512347777305,0.774297126316804,7.013407221916563,0.988702142565144,0.0863047830462093,0.0863045561664144,0.0056928327456595,0.9703420082508174
cbsd,CBSD68,68x96x96x3,"(12,16,16,2)",3,220,7e-05,0.0002,1e-07,1.8878146999049927,20.2561735000927,0.1534226983785629,-10.010046890245391,16.28220779161089,0.7686042935711445,7.983749230167381,0.151986613869667,-10.09173172457473,16.36389311999489,0.7740223612514212,7.034268317090418,0.936031320054355,0.081684834329339,0.0816853283840011,0.0054180676802767,0.9494809130769628
cbsd,CBSD68,68x96x96x3,"(8,20,20,2)",2,160,0.0001,0.0003,1e-06,1.3917605000315234,13.821705500013197,0.163838043808937,-9.439543788286452,15.711704807810964,0.727223049210663,8.081408531924374,0.1634072959423065,-9.462410445601948,15.734571723491674,0.7292128894739768,7.638510279038148,0.2629107725021907,0.0228666573154949,0.0228669156807104,0.0019898402633137,0.4428982528862262
cbsd,CBSD68,68x96x96x3,"(8,20,20,2)",3,160,0.0001,0.0003,1e-06,1.3917605000315234,14.670888800057584,0.163838043808937,-9.439543788286452,15.711704807810964,0.727223049210663,8.081408531924374,0.1623741388320922,-9.517501547957837,15.789662638769638,0.7334775038427833,7.262986348132758,0.8935073581273645,0.0779577596713849,0.0779578309586739,0.0062544546321202,0.8184221837916166
cbsd,CBSD68,68x96x96x3,"(8,20,20,2)",4,180,7e-05,0.0002,1e-06,1.3917605000315234,17.478863000054844,0.163838043808937,-9.439543788286452,15.711704807810964,0.727223049210663,8.081408531924374,0.1623279005289077,-9.519975884109272,15.792136964631524,0.7337053011469654,7.251728112921522,0.9217293156834684,0.0804320958228199,0.0804321568205601,0.0064822519363023,0.8296804190028526
cbsd,CBSD68,68x96x96x3,"(8,20,20,2)",3,220,7e-05,0.0002,1e-07,1.3917605000315234,19.261921699973755,0.163838043808937,-9.439543788286452,15.711704807810964,0.727223049210663,8.081408531924374,0.1623704731464386,-9.517697867753334,15.789858956904224,0.7335255825893416,7.257724356818774,0.8957447418072876,0.0781540794668824,0.07815414909326,0.0063025333786785,0.8236841751056003
cbsd,CBSD68,68x96x96x3,"(12,20,20,2)",2,160,0.0001,0.0003,1e-06,1.4295065999031067,14.295994900050571,0.1524707078933715,-10.064110496970976,16.336271481691558,0.7721177733377752,8.030046151426575,0.1518870741128921,-10.097423044589908,16.369584313739633,0.7743185712289947,7.48749395301647,0.3827842006791153,0.0333125476189319,0.0333128320480753,0.0022007978912195,0.5425521984101049
cbsd,CBSD68,68x96x96x3,"(12,20,20,2)",3,160,0.0001,0.0003,1e-06,1.4295065999031067,15.277834900072776,0.1524707078933715,-10.064110496970976,16.336271481691558,0.7721177733377752,8.030046151426575,0.1509171724319458,-10.153065637784342,16.425226446573888,0.7778805229910035,7.042993640357669,1.018907489110778,0.0889551408133666,0.0889549648823297,0.0057627496532283,0.9870525110689056
cbsd,CBSD68,68x96x96x3,"(12,20,20,2)",4,180,7e-05,0.0002,1e-06,1.4295065999031067,17.8585167999845,0.1524707078933715,-10.064110496970976,16.336271481691558,0.7721177733377752,8.030046151426575,0.1508169621229171,-10.158835273391986,16.430996149956496,0.7782337154866384,7.015190549198318,1.084631791446087,0.0947247764210104,0.0947246682649378,0.0061159421488632,1.0148556022282564
cbsd,CBSD68,68x96x96x3,"(12,20,20,2)",3,220,7e-05,0.0002,1e-07,1.4295065999031067,19.811494699912146,0.1524707078933715,-10.064110496970976,16.336271481691558,0.7721177733377752,8.030046151426575,0.1509167253971099,-10.153091446893104,16.42525235992427,0.7778948965026269,7.038154944088627,1.0192006830245417,0.0889809499221279,0.0889808782327108,0.0057771231648516,0.9918912073379476
cbsd,CBSD68,68x96x96x3,"(12,24,24,2)",2,160,0.0001,0.0003,1e-06,1.448194499942474,14.764603100018576,0.1517388820648193,-10.1059010892501,16.37806194162818,0.7747905216645422,8.064349506359406,0.1511030048131942,-10.142377103106892,16.41453803109143,0.7771490326043049,7.489183982243117,0.419060192728604,0.0364760138567916,0.0364760894632496,0.0023585109397626,0.5751655241162892
cbsd,CBSD68,68x96x96x3,"(12,24,24,2)",3,160,0.0001,0.0003,1e-06,1.448194499942474,15.403888099943288,0.1517388820648193,-10.1059010892501,16.37806194162818,0.7747905216645422,8.064349506359406,0.15008045732975,-10.201356360836504,16.473517361798457,0.7808717210362952,7.047251561526502,1.0929464567696197,0.0954552715864025,0.0954554201702784,0.0060811993717529,1.017097944832904
cbsd,CBSD68,68x96x96x3,"(12,24,24,2)",4,180,7e-05,0.0002,1e-06,1.448194499942474,17.74915729998611,0.1517388820648193,-10.1059010892501,16.37806194162818,0.7747905216645422,8.064349506359406,0.1499638557434082,-10.208107329812297,16.480268275048488,0.7812790231208893,7.01709281968895,1.169790034865871,0.1022062405621966,0.1022063334203089,0.006488501456347,1.0472566866704556
cbsd,CBSD68,68x96x96x3,"(12,24,24,2)",3,220,7e-05,0.0002,1e-07,1.448194499942474,20.38578720006626,0.1517388820648193,-10.1059010892501,16.37806194162818,0.7747905216645422,8.064349506359406,0.1500801295042038,-10.201375002028776,16.47353618941899,0.7808858399706109,7.042283316763583,1.0931625026121907,0.0954739127786759,0.0954742477908112,0.0060953183060686,1.0220661895958232
cbsd,CBSD68,68x96x96x3,"(16,24,24,2)",2,160,0.0001,0.0003,1e-06,1.4821073999628425,14.960068700020202,0.1430840343236923,-10.616015498613638,16.88817664452677,0.8046394156901774,7.908168549683529,0.1425737291574478,-10.647048419537974,16.919209658267217,0.8063529911477662,7.305435508243949,0.3566471749671716,0.0310329209243356,0.0310330137404477,0.0017135754575887,0.6027330414395795
cbsd,CBSD68,68x96x96x3,"(16,24,24,2)",3,160,0.0001,0.0003,1e-06,1.4821073999628425,15.863274300005289,0.1430840343236923,-10.616015498613638,16.88817664452677,0.8046394156901774,7.908168549683529,0.1413116306066513,-10.724281108527968,16.996442236702222,0.8104355346029785,6.713404722489411,1.2387152245311936,0.1082656099143299,0.1082655921754529,0.005796118912801,1.1947638271941177
cbsd,CBSD68,68x96x96x3,"(16,24,24,2)",4,180,7e-05,0.0002,1e-06,1.4821073999628425,18.62188290001359,0.1430840343236923,-10.616015498613638,16.88817664452677,0.8046394156901774,7.908168549683529,0.1412066519260406,-10.730736042626194,17.002896600481293,0.81077314492435,6.687979398302528,1.3120837740740228,0.114720544012556,0.1147199559545235,0.0061337292341726,1.2201891513810006
cbsd,CBSD68,68x96x96x3,"(16,24,24,2)",3,220,7e-05,0.0002,1e-07,1.4821073999628425,21.43153840000741,0.1430840343236923,-10.616015498613638,16.88817664452677,0.8046394156901774,7.908168549683529,0.1413110643625259,-10.72431513322346,16.99647640396914,0.8104504433189893,6.7076478233927,1.2391109668850089,0.1082996346098212,0.1082997594423709,0.0058110276288119,1.2005207262908293
cifar,CIFAR-10,1000x32x32x3,"(8,8,8,2)",3,160,0.0001,0.0003,1e-06,2.595332199940458,30.70268940005917,0.154103085398674,-10.817745805458188,16.243772807563907,0.7699175117197538,6.910247490491008,0.1527017951011657,-10.897089595173096,16.323116614504244,0.7750242513858422,6.500037672717267,0.9093200787531392,0.0793437897149083,0.0793438069403364,0.0051067396660884,0.4102098177737412
cifar,CIFAR-10,1000x32x32x3,"(8,8,8,2)",4,180,7e-05,0.0002,1e-06,2.595332199940458,35.558079500100575,0.154103085398674,-10.817745805458188,16.243772807563907,0.7699175117197538,6.910247490491008,0.1526082754135131,-10.902411270412555,16.328437927547977,0.7753538178288175,6.500531244860956,0.9700065260170904,0.0846654649543694,0.08466511998407,0.0054363061090637,0.4097162456300518
cifar,CIFAR-10,1000x32x32x3,"(8,8,8,2)",3,220,7e-05,0.0002,1e-07,2.595332199940458,39.26170479995199,0.154103085398674,-10.817745805458188,16.243772807563907,0.7699175117197538,6.910247490491008,0.152702659368515,-10.897041061764703,16.323068931248134,0.7750247171265071,6.5024134126200375,0.9087592416050656,0.0792952563065174,0.0792961236842266,0.0051072054067533,0.4078340778709703
cifar,CIFAR-10,1000x32x32x3,"(12,8,8,2)",2,160,0.0001,0.0003,1e-06,2.6230624000309035,27.43781399994623,0.1418278366327285,-11.538743001678764,16.964769897742897,0.8117418694242664,7.022466158412511,0.1414156407117843,-11.564023738343616,16.990050825704664,0.812967719498971,6.578671885697164,0.2906311840683427,0.0252807366648522,0.0252809279617665,0.0012258500747045,0.4437942727153467
cifar,CIFAR-10,1000x32x32x3,"(12,8,8,2)",3,160,0.0001,0.0003,1e-06,2.6230624000309035,29.21787900000345,0.1418278366327285,-11.538743001678764,16.964769897742897,0.8117418694242664,7.022466158412511,0.1400263607501983,-11.649776570896291,17.075803941647262,0.8173522219991954,6.493834617804319,1.270184982934795,0.111033569217529,0.1110340439043646,0.005610352574929,0.5286315406081918
cifar,CIFAR-10,1000x32x32x3,"(12,8,8,2)",4,180,7e-05,0.0002,1e-06,2.6230624000309035,35.3142406999832,0.1418278366327285,-11.538743001678764,16.964769897742897,0.8117418694242664,7.022466158412511,0.1399832367897033,-11.65245182369272,17.078478743353916,0.8174903413977928,6.485876399387358,1.3005908338021863,0.1137088220139563,0.1137088456110184,0.0057484719735263,0.5365897590251532
cifar,CIFAR-10,1000x32x32x3,"(12,8,8,2)",3,220,7e-05,0.0002,1e-07,2.6230624000309035,38.84910160000436,0.1418278366327285,-11.538743001678764,16.964769897742897,0.8117418694242664,7.022466158412511,0.1400283873081207,-11.649650728369483,17.07567811773775,0.8173508078845568,6.496674948486448,1.2687560970612757,0.110907726690721,0.110908219994851,0.0056089384602904,0.5257912099260631
cifar,CIFAR-10,1000x32x32x3,"(16,8,8,2)",2,160,0.0001,0.0003,1e-06,2.709719700040296,27.94978519994765,0.1336262077093124,-12.056140214080717,17.48216732909135,0.836346330837458,7.072618718184206,0.1333077549934387,-12.07686452239069,17.502891590368318,0.8372375881913979,6.812378607812775,0.2383160618959369,0.0207243083099726,0.0207242612769675,0.0008912573539399,0.2602401103714307
cifar,CIFAR-10,1000x32x32x3,"(16,8,8,2)",3,160,0.0001,0.0003,1e-06,2.709719700040296,29.94314149999991,0.1336262077093124,-12.056140214080717,17.48216732909135,0.836346330837458,7.072618718184206,0.1315627694129943,-12.1913127084311,17.617339962856466,0.8421381773728981,6.457898832550824,1.5441868265892968,0.1351724943503818,0.1351726337651158,0.00579184653544,0.6147198856333818
cifar,CIFAR-10,1000x32x32x3,"(16,8,8,2)",4,180,7e-05,0.0002,1e-06,2.709719700040296,35.48026049998589,0.1336262077093124,-12.056140214080717,17.48216732909135,0.836346330837458,7.072618718184206,0.1315102279186248,-12.194782346107012,17.62080958458257,0.8422926476196627,6.448151771005685,1.5835065792562322,0.1386421320262947,0.1386422554912201,0.0059463167822046,0.6244669471785205
cifar,CIFAR-10,1000x32x32x3,"(16,8,8,2)",3,220,7e-05,0.0002,1e-07,2.709719700040296,39.713394900085405,0.1336262077093124,-12.056140214080717,17.48216732909135,0.836346330837458,7.072618718184206,0.1315655708312988,-12.191128085477608,17.61715527691573,0.8421365780843797,6.460817817597218,1.5420903678537938,0.1349878713968912,0.1349879478243814,0.0057902472469216,0.6118009005869878
cifar,CIFAR-10,1000x32x32x3,"(16,12,12,2)",2,160,0.0001,0.0003,1e-06,2.920043300022371,30.05189889995381,0.1333056837320327,-12.07699945849723,17.503026672266895,0.8372579721918434,7.08312936795551,0.1329763829708099,-12.098482624205882,17.524509636819825,0.8381832289690655,6.80193350752626,0.2470267973605613,0.021483165708652,0.0214829645529306,0.0009252567772221,0.2811958604292499
cifar,CIFAR-10,1000x32x32x3,"(16,12,12,2)",3,160,0.0001,0.0003,1e-06,2.920043300022371,32.00353689992335,0.1333056837320327,-12.07699945849723,17.503026672266895,0.8372579721918434,7.08312936795551,0.1312194168567657,-12.214011089203357,17.64003834639801,0.8430906159685606,6.458143009655819,1.56502469876737,0.1370116307061266,0.1370116741311164,0.0058326437767172,0.6249863582996911
cifar,CIFAR-10,1000x32x32x3,"(16,12,12,2)",4,180,7e-05,0.0002,1e-06,2.920043300022371,38.1849240999436,0.1333056837320327,-12.07699945849723,17.503026672266895,0.8372579721918434,7.08312936795551,0.1311611831188202,-12.217866644021262,17.64389377451637,0.8432593263004234,6.448210710861734,1.6087090611405577,0.1408671855240317,0.1408671022494765,0.00600135410858,0.6349186570937757
cifar,CIFAR-10,1000x32x32x3,"(16,12,12,2)",3,220,7e-05,0.0002,1e-07,2.920043300022371,42.89276199997403,0.1333056837320327,-12.07699945849723,17.503026672266895,0.8372579721918434,7.08312936795551,0.1312212347984314,-12.213890952864285,17.63991804527334,0.843088873643744,6.461098552298104,1.5636609597168252,0.1368914943670525,0.1368913730064456,0.0058309014519005,0.6220308156574061
cifar,CIFAR-10,1000x32x32x3,"(24,12,12,2)",2,160,0.0001,0.0003,1e-06,2.882958000060171,30.977002100087702,0.121466226875782,-12.884862229406307,18.310889568272277,0.8685285536092351,6.608097564078186,0.1211297437548637,-12.908956923749948,18.334984192691948,0.8693372617224,6.312243115750532,0.2770178423854228,0.0240946943436384,0.0240946244196749,0.0008087081131649,0.2958544483276535
cifar,CIFAR-10,1000x32x32x3,"(24,12,12,2)",3,160,0.0001,0.0003,1e-06,2.882958000060171,32.71389020001516,0.121466226875782,-12.884862229406307,18.310889568272277,0.8685285536092351,6.608097564078186,0.119097463786602,-13.055922614952667,18.48194982731565,0.8742178810598747,5.920643403259566,1.9501413274345127,0.1710603855463581,0.1710602590433758,0.0056893274506396,0.6874541608186195
cifar,CIFAR-10,1000x32x32x3,"(24,12,12,2)",4,180,7e-05,0.0002,1e-06,2.882958000060171,38.38675050006714,0.121466226875782,-12.884862229406307,18.310889568272277,0.8685285536092351,6.608097564078186,0.1190574392676353,-13.05884199664295,18.484869447430743,0.8743199888898718,5.911895307530831,1.983092477722244,0.1739797672366414,0.1739798791584696,0.0057914352806367,0.6962022565473553
cifar,CIFAR-10,1000x32x32x3,"(24,12,12,2)",3,220,7e-05,0.0002,1e-07,2.882958000060171,43.78651430003811,0.121466226875782,-12.884862229406307,18.310889568272277,0.8685285536092351,6.608097564078186,0.1190995797514915,-13.055767950645054,18.4817949788818,0.8742161211246325,5.923600040159371,1.9483993083202695,0.1709057212387446,0.1709054106095244,0.0056875675153974,0.6844975239188145
cifar,CIFAR-10,1000x32x32x3,"(32,12,12,2)",2,160,0.0001,0.0003,1e-06,2.953795599984005,30.949040799983777,0.1126664131879806,-13.538083180578376,18.96411073055298,0.8889251149504946,6.497804231968414,0.1121162995696067,-13.580597259210466,19.006624560614327,0.8900831668266237,5.98900991618719,0.4882676236936931,0.0425140786320881,0.0425138300613454,0.001158051876129,0.5087943157812234
cifar,CIFAR-10,1000x32x32x3,"(32,12,12,2)",3,160,0.0001,0.0003,1e-06,2.953795599984005,32.97741839999799,0.1126664131879806,-13.538083180578376,18.96411073055298,0.8889251149504946,6.497804231968414,0.1100741475820541,-13.740266121798946,19.1662937885656,0.8944912616524019,5.739503839631528,2.3008326373196897,0.2021829412205686,0.2021830580126149,0.0055661467019072,0.7583003923368858
cifar,CIFAR-10,1000x32x32x3,"(32,12,12,2)",4,180,7e-05,0.0002,1e-06,2.953795599984005,39.07567219994962,0.1126664131879806,-13.538083180578376,18.96411073055298,0.8889251149504946,6.497804231968414,0.1099990978837013,-13.746190150268578,19.172217679985767,0.8946528445708899,5.720992720453652,2.367444945486095,0.2081069696902009,0.2081069494327856,0.0057277296203952,0.7768115115147616
cifar,CIFAR-10,1000x32x32x3,"(32,12,12,2)",3,220,7e-05,0.0002,1e-07,2.953795599984005,43.95619910000824,0.1126664131879806,-13.538083180578376,18.96411073055298,0.8889251149504946,6.497804231968414,0.1100801974534988,-13.739788797402673,19.165816116307116,0.8944819144400121,5.742290164526305,2.2954629168559624,0.2017056168242934,0.2017053857541313,0.0055567994895174,0.7555140674421086
cifar,CIFAR-10,1000x32x32x3,"(24,16,16,2)",2,160,0.0001,0.0003,1e-06,3.466552400030196,32.60312670003623,0.121234118938446,-12.901475641027837,18.32750332810588,0.8690962845147319,6.629728134888035,0.120897889137268,-12.925598206096849,18.351625841839343,0.8699015067348491,6.322841620132044,0.277339254099493,0.0241225650690122,0.0241225137334666,0.0008052222201172,0.3068865147559911
cifar,CIFAR-10,1000x32x32x3,"(24,16,16,2)",3,160,0.0001,0.0003,1e-06,3.466552400030196,34.46086530003231,0.121234118938446,-12.901475641027837,18.32750332810588,0.8690962845147319,6.629728134888035,0.1188450381159782,-13.074351672800294,18.500379304232982,0.8748152382867527,5.929157779609462,1.9706340454214928,0.1728760317724589,0.1728759761271057,0.0057189537720208,0.7005703552785727
cifar,CIFAR-10,1000x32x32x3,"(24,16,16,2)",4,180,7e-05,0.0002,1e-06,3.466552400030196,40.63635229994543,0.121234118938446,-12.901475641027837,18.32750332810588,0.8690962845147319,6.629728134888035,0.1188017576932907,-13.077515145210215,18.503542304688036,0.8749253747540514,5.920228237479125,2.006333915281978,0.1760395041823823,0.1760389765821557,0.0058290902393195,0.70949989740891
cifar,CIFAR-10,1000x32x32x3,"(24,16,16,2)",3,220,7e-05,0.0002,1e-07,3.466552400030196,45.74875600007363,0.121234118938446,-12.901475641027837,18.32750332810588,0.8690962845147319,6.629728134888035,0.1188473030924797,-13.07418584295843,18.500213275121805,0.8748134067177139,5.931921309933152,1.9687657788631203,0.1727102019305952,0.1727099470159281,0.005717122202982,0.697806824954883
cifar,CIFAR-10,1000x32x32x3,"(32,16,16,2)",2,160,0.0001,0.0003,1e-06,3.422000400023535,32.26155789999757,0.1123003959655761,-13.566346997992545,18.99237394380142,0.8897250503139144,6.51763517379088,0.1117917597293853,-13.605776693899085,19.031804108178317,0.8907961857272872,6.046002332354444,0.4529247041539461,0.0394296959065396,0.0394301643768919,0.0010711354133728,0.4716328414364357
cifar,CIFAR-10,1000x32x32x3,"(32,16,16,2)",3,160,0.0001,0.0003,1e-06,3.422000400023535,34.32334229990374,0.1123003959655761,-13.566346997992545,18.99237394380142,0.8897250503139144,6.51763517379088,0.1096682623028755,-13.772353461293267,19.19838091842037,0.8953472712433959,5.738559346229291,2.343832931370509,0.2060064633007226,0.2060069746189476,0.0056222209294815,0.7790758275615888
cifar,CIFAR-10,1000x32x32x3,"(32,16,16,2)",4,180,7e-05,0.0002,1e-06,3.422000400023535,40.58931209996808,0.1123003959655761,-13.566346997992545,18.99237394380142,0.8897250503139144,6.51763517379088,0.1095985621213913,-13.777875449601389,19.20390249354736,0.8954976947508602,5.720848282692726,2.405898769059619,0.211528451608844,0.2115285497459353,0.0057726444369458,0.7967868910981535
cifar,CIFAR-10,1000x32x32x3,"(32,16,16,2)",3,220,7e-05,0.0002,1e-07,3.422000400023535,46.07297560002189,0.1123003959655761,-13.566346997992545,18.99237394380142,0.8897250503139144,6.51763517379088,0.10967418551445,-13.7718845508469,19.197911228238823,0.895338211609388,5.741304543766393,2.338558496206122,0.2055375528543557,0.2055372844374012,0.0056131612954736,0.7763306300244865
cifar,CIFAR-10,1000x32x32x3,"(48,16,16,2)",2,160,0.0001,0.0003,1e-06,3.3569562999764457,33.13680390000809,0.1004222258925437,-14.53737569496206,19.96340310342501,0.9137244083443248,6.508034276478599,0.100030742585659,-14.571303231952516,19.9973302495409,0.9144347000512794,6.191268852790003,0.3898373128112795,0.0339275369904559,0.0339271461158894,0.0007102917069544,0.3167654236885955
cifar,CIFAR-10,1000x32x32x3,"(48,16,16,2)",3,160,0.0001,0.0003,1e-06,3.3569562999764457,34.87333870003931,0.1004222258925437,-14.53737569496206,19.96340310342501,0.9137244083443248,6.508034276478599,0.0976108312606811,-14.784012685795016,20.210039787938875,0.9188552135642456,5.648481134886072,2.7995741051099152,0.2466369908329557,0.246636684513863,0.0051308052199205,0.859553141592527
cifar,CIFAR-10,1000x32x32x3,"(48,16,16,2)",4,180,7e-05,0.0002,1e-06,3.3569562999764457,40.94328390003648,0.1004222258925437,-14.53737569496206,19.96340310342501,0.9137244083443248,6.508034276478599,0.0975592732429504,-14.788601687627086,20.21462945210573,0.918952310595202,5.631928121668546,2.8509153468245554,0.2512259926650255,0.2512263486807136,0.0052279022508771,0.8761061548100528
cifar,CIFAR-10,1000x32x32x3,"(48,16,16,2)",3,220,7e-05,0.0002,1e-07,3.3569562999764457,47.153929300024174,0.1004222258925437,-14.53737569496206,19.96340310342501,0.9137244083443248,6.508034276478599,0.0976091772317886,-14.7841601870464,20.210187043259047,0.9188610678322928,5.649142293855308,2.8012211796273503,0.2467844920843394,0.2467839398340352,0.0051366594879678,0.8588919826232901
norb,smallNORB,25x18x64x64x2,"(4,6,12,12,2)",3,160,0.0001,0.0003,1e-06,2.118290000013076,39.62763120001182,0.0790401548147201,-21.14714213967215,22.043044918404245,0.8013141876865263,1.0740976182218926,0.0767704248428344,-21.40021880696294,22.296121125949185,0.8147060809458446,1.0502943118663794,2.871616303391874,0.253076667290788,0.2530762075449395,0.0133918932593183,0.0238033063555132
norb,smallNORB,25x18x64x64x2,"(4,6,12,12,2)",4,180,7e-05,0.0002,1e-06,2.118290000013076,47.09884320001584,0.0790401548147201,-21.14714213967215,22.043044918404245,0.8013141876865263,1.0740976182218926,0.0767628327012062,-21.401078192242693,22.29698043715929,0.8147681403475504,1.04475496409211,2.881221726921297,0.2539360525705412,0.2539355187550463,0.0134539526610241,0.0293426541297827
norb,smallNORB,25x18x64x64x2,"(4,6,12,12,2)",3,220,7e-05,0.0002,1e-07,2.118290000013076,53.4481377999764,0.0790401548147201,-21.14714213967215,22.043044918404245,0.8013141876865263,1.0740976182218926,0.076775886118412,-21.39960103691017,22.295503325020366,0.8146805506191055,1.0499896565067464,2.8647068083505918,0.2524588972380179,0.252458406616121,0.0133663629325792,0.0241079617151462
norb,smallNORB,25x18x64x64x2,"(6,6,12,12,2)",2,160,0.0001,0.0003,1e-06,2.1295262000057846,38.43953640002292,0.0731460899114608,-21.82027507859487,22.71617742322464,0.8346408038453279,1.0575686930222423,0.0725044757127761,-21.896801596416267,22.79270384338062,0.8379939659875889,1.0444000742676844,0.8771681431793953,0.0765265178213958,0.0765264201559823,0.003353162142261,0.0131686187545578
norb,smallNORB,25x18x64x64x2,"(6,6,12,12,2)",3,160,0.0001,0.0003,1e-06,2.1295262000057846,40.74122450000141,0.0731460899114608,-21.82027507859487,22.71617742322464,0.8346408038453279,1.0575686930222423,0.0714973285794258,-22.018301644543996,22.91420379173289,0.8431474931785159,1.0248199081501213,2.254066258402596,0.1980265659491209,0.1980263685082555,0.0085066893331879,0.032748784872121
norb,smallNORB,25x18x64x64x2,"(6,6,12,12,2)",4,180,7e-05,0.0002,1e-06,2.1295262000057846,48.32645039993804,0.0731460899114608,-21.82027507859487,22.71617742322464,0.8346408038453279,1.0575686930222423,0.0715308338403701,-22.0142321795816,22.910134459353863,0.8429847390066535,1.0250466516057175,2.20826030898695,0.1939571009867258,0.1939570361292233,0.0083439351613255,0.0325220414165248
norb,smallNORB,25x18x64x64x2,"(6,6,12,12,2)",3,220,7e-05,0.0002,1e-07,2.1295262000057846,55.133389199967496,0.0731460899114608,-21.82027507859487,22.71617742322464,0.8346408038453279,1.0575686930222423,0.071501038968563,-22.01785040197665,22.913752713237,0.843134956874903,1.0247852308270236,2.24899368495163,0.1975753233817769,0.197575290012363,0.0084941530295751,0.0327834621952187
norb,smallNORB,25x18x64x64x2,"(6,8,16,16,2)",2,160,0.0001,0.0003,1e-06,2.195964600075968,40.52257519995328,0.0713572725653648,-22.035332789008265,22.93123484615113,0.8438707255600069,1.0510247244751325,0.0706595927476883,-22.120674767577476,23.01657660610754,0.8473698843090856,1.0341573935256108,0.9777276969736394,0.0853419785692075,0.0853417599564068,0.0034991587490786,0.0168673309495217
norb,smallNORB,25x18x64x64x2,"(6,8,16,16,2)",3,160,0.0001,0.0003,1e-06,2.195964600075968,43.06624700000975,0.0713572725653648,-22.035332789008265,22.93123484615113,0.8438707255600069,1.0510247244751325,0.0695022493600845,-22.26412016860797,23.16002255425364,0.8530423034674729,1.0139595272465416,2.59962739408385,0.228787379599705,0.2287877081025016,0.009171577907466,0.0370651972285909
norb,smallNORB,25x18x64x64x2,"(6,8,16,16,2)",4,180,7e-05,0.0002,1e-06,2.195964600075968,50.743041299982,0.0713572725653648,-22.035332789008265,22.93123484615113,0.8438707255600069,1.0510247244751325,0.0695345699787139,-22.260081987024986,23.155984389712888,0.8528939255134347,1.0140243308648578,2.554333316174904,0.2247491980167169,0.224749543561753,0.0090231999534278,0.0370003936102747
norb,smallNORB,25x18x64x64x2,"(6,8,16,16,2)",3,220,7e-05,0.0002,1e-07,2.195964600075968,58.09873019997031,0.0713572725653648,-22.035332789008265,22.93123484615113,0.8438707255600069,1.0510247244751325,0.0695052072405815,-22.26375061476492,23.15965310841787,0.8530338269940295,1.0137452006946293,2.595482223745018,0.2284178257566544,0.2284182622667359,0.0091631014340226,0.0372795237805032
norb,smallNORB,25x18x64x64x2,"(8,8,16,16,2)",2,160,0.0001,0.0003,1e-06,2.213395700091496,41.60545369994361,0.0670064687728881,-22.5817629666558,23.47766572016744,0.8648360701304001,1.0413524814747803,0.0662289932370185,-22.683134253952755,23.579036484775223,0.8683395709707574,1.0245758059526853,1.1602992220120942,0.1013712872969527,0.1013707646077861,0.0035035008403573,0.016776675522095
norb,smallNORB,25x18x64x64x2,"(8,8,16,16,2)",3,160,0.0001,0.0003,1e-06,2.213395700091496,43.65230499999598,0.0670064687728881,-22.5817629666558,23.47766572016744,0.8648360701304001,1.0413524814747803,0.0649105682969093,-22.85778956525447,23.753692247875527,0.8741847226516317,0.9952418374515978,3.1279076697545416,0.2760265985986692,0.2760265277080904,0.0093486525212316,0.0461106440231825
norb,smallNORB,25x18x64x64x2,"(8,8,16,16,2)",4,180,7e-05,0.0002,1e-06,2.213395700091496,51.56486149993725,0.0670064687728881,-22.5817629666558,23.47766572016744,0.8648360701304001,1.0413524814747803,0.0649371147155761,-22.85423736719607,23.75013966223959,0.8740740099915343,0.996254610066302,3.088289974399163,0.2724744005402684,0.2724739420721533,0.0092379398611341,0.0450978714084783
norb,smallNORB,25x18x64x64x2,"(8,8,16,16,2)",3,220,7e-05,0.0002,1e-07,2.213395700091496,59.29582780005876,0.0670064687728881,-22.5817629666558,23.47766572016744,0.8648360701304001,1.0413524814747803,0.0649140477180481,-22.85732410094699,23.753226670636643,0.8741731501668586,0.9951792351941162,3.122715005221574,0.2755611342911876,0.275560950469206,0.0093370800364585,0.0461732462806641
norb,smallNORB,25x18x64x64x2,"(10,8,16,16,2)",2,160,0.0001,0.0003,1e-06,2.31651110004168,42.56733330001589,0.0637963488698005,-23.00818115699105,23.90408351369725,0.8790077731873279,1.0284692589570146,0.0630588233470916,-23.109180017104865,24.00508209882288,0.8820869414486837,1.0121489031743565,1.1560622759369494,0.1009988601138118,0.1009985851256267,0.0030791682613557,0.0163203557826581
norb,smallNORB,25x18x64x64x2,"(10,8,16,16,2)",3,160,0.0001,0.0003,1e-06,2.31651110004168,44.63883559999522,0.0637963488698005,-23.00818115699105,23.90408351369725,0.8790077731873279,1.0284692589570146,0.0617810375988483,-23.286993808940665,24.182896133786592,0.8873573171142518,0.9773364564949212,3.158975876605718,0.2788126519496146,0.2788126200893401,0.0083495439269238,0.0511328024620935
norb,smallNORB,25x18x64x64x2,"(10,8,16,16,2)",4,180,7e-05,0.0002,1e-06,2.31651110004168,52.62341890006792,0.0637963488698005,-23.00818115699105,23.90408351369725,0.8790077731873279,1.0284692589570146,0.0618016794323921,-23.2840919129946,24.17999394929614,0.8872783262848908,0.9781240615038266,3.12662005388316,0.2759107560035474,0.2759104355988881,0.0082705530975628,0.0503451974531879
norb,smallNORB,25x18x64x64x2,"(10,8,16,16,2)",3,220,7e-05,0.0002,1e-07,2.31651110004168,60.360001099994406,0.0637963488698005,-23.00818115699105,23.90408351369725,0.8790077731873279,1.0284692589570146,0.061783455312252,-23.286653703308108,24.18255582074732,0.8873511508911761,0.9772006386045532,3.155186140286112,0.2784725463170581,0.2784723070500661,0.0083433777038481,0.0512686203524612
norb,smallNORB,25x18x64x64x2,"(8,10,20,20,2)",2,160,0.0001,0.0003,1e-06,2.409483599942177,45.2195848999545,0.0646979734301567,-22.88628393046237,23.782186432778097,0.8751310005496518,1.023617423191742,0.0638655573129654,-22.998763372329524,23.89466594647738,0.8786798821953237,1.0087060821156646,1.286618533870974,0.1124794418671548,0.1124795136992844,0.0035488816456719,0.0149113410760775
norb,smallNORB,25x18x64x64x2,"(8,10,20,20,2)",3,160,0.0001,0.0003,1e-06,2.409483599942177,47.25748859997839,0.0646979734301567,-22.88628393046237,23.782186432778097,0.8751310005496518,1.023617423191742,0.0624342225492,-23.19564380574436,24.091546161951392,0.884684226498524,0.9744348420420396,3.4989517614495806,0.3093598752819879,0.3093597291732948,0.0095532259488722,0.0491825811497026
norb,smallNORB,25x18x64x64x2,"(8,10,20,20,2)",4,180,7e-05,0.0002,1e-06,2.409483599942177,55.87192920001689,0.0646979734301567,-22.88628393046237,23.782186432778097,0.8751310005496518,1.023617423191742,0.0624648891389369,-23.191378435883102,24.08728062661168,0.8845630846779701,0.9753336775448408,3.451552147348772,0.3050945054207332,0.3050941938335825,0.0094320841283183,0.0482837456469014
norb,smallNORB,25x18x64x64x2,"(8,10,20,20,2)",3,220,7e-05,0.0002,1e-07,2.409483599942177,64.3062409000704,0.0646979734301567,-22.88628393046237,23.782186432778097,0.8751310005496518,1.023617423191742,0.0624375194311142,-23.19518458155072,24.09108705650845,0.884674791117302,0.9744001792408294,3.493855957455507,0.3089006510883507,0.3089006237303486,0.0095437905676502,0.0492172439509126
norb,smallNORB,25x18x64x64x2,"(10,10,20,20,2)",2,160,0.0001,0.0003,1e-06,2.587056699907407,46.71081110008527,0.0607137568295002,-23.43835549061591,24.334257921168305,0.8916543669111039,0.9981345551325842,0.059900302439928,-23.55551729434659,24.451419655894995,0.8948073527682917,0.983921689270192,1.3398189011042951,0.1171618037306814,0.1171617347266895,0.0031529858571878,0.0142128658623923
norb,smallNORB,25x18x64x64x2,"(10,10,20,20,2)",3,160,0.0001,0.0003,1e-06,2.587056699907407,48.83621209999546,0.0607137568295002,-23.43835549061591,24.334257921168305,0.8916543669111039,0.9981345551325842,0.058388665318489,-23.77752649989249,24.6734291760342,0.9005814935307601,0.9444576986611302,3.829595848500328,0.3391710092765798,0.3391712548658923,0.0089271266196562,0.053676856471454
norb,smallNORB,25x18x64x64x2,"(10,10,20,20,2)",4,180,7e-05,0.0002,1e-06,2.587056699907407,57.09847060008906,0.0607137568295002,-23.43835549061591,24.334257921168305,0.8916543669111039,0.9981345551325842,0.0584125705063343,-23.77397151392486,24.66987407574276,0.900496251661353,0.9453505922323304,3.790222254946626,0.3356160233089511,0.3356161545744562,0.0088418847502491,0.0527839629002537
norb,smallNORB,25x18x64x64x2,"(10,10,20,20,2)",3,220,7e-05,0.0002,1e-07,2.587056699907407,66.1974853000138,0.0607137568295002,-23.43835549061591,24.334257921168305,0.8916543669111039,0.9981345551325842,0.0583906471729278,-23.777232110463515,24.673134509788618,0.9005773316898813,0.9444444823626726,3.8263315892248766,0.338876619847607,0.3388765886203124,0.0089229647787774,0.0536900727699115
norb,smallNORB,25x18x64x64x2,"(12,10,20,20,2)",2,160,0.0001,0.0003,1e-06,2.7056696999352425,47.91500409995206,0.0572815686464309,-23.94379929231671,24.83970177926219,0.9046944206954812,0.9771458336665896,0.0564645379781723,-24.068581983742607,24.964484419680534,0.9076119494019186,0.9650326087301552,1.4263412954030084,0.1247826914258958,0.1247826404183491,0.0029175287064372,0.0121132249364346
norb,smallNORB,25x18x64x64x2,"(12,10,20,20,2)",3,160,0.0001,0.0003,1e-06,2.7056696999352425,50.00679830007721,0.0572815686464309,-23.94379929231671,24.83970177926219,0.9046944206954812,0.9771458336665896,0.0550861731171608,-24.283245683084065,25.179147810331525,0.9124641667407324,0.9194647761997764,3.832638632543734,0.3394463907673533,0.3394460310693361,0.0077697460452509,0.0576810574668132
norb,smallNORB,25x18x64x64x2,"(12,10,20,20,2)",4,180,7e-05,0.0002,1e-06,2.7056696999352425,58.84700549999252,0.0572815686464309,-23.94379929231671,24.83970177926219,0.9046944206954812,0.9771458336665896,0.0551056638360023,-24.280173171490013,25.176075603011384,0.9124028870855564,0.9200262701554748,3.798612471420496,0.3363738791733013,0.3363738237491951,0.007708466390075,0.0571195635111149
norb,smallNORB,25x18x64x64x2,"(12,10,20,20,2)",3,220,7e-05,0.0002,1e-07,2.7056696999352425,67.4088876999449,0.0572815686464309,-23.94379929231671,24.83970177926219,0.9046944206954812,0.9771458336665896,0.0550882555544376,-24.28291710755996,25.178819704915878,0.9124619045036736,0.9194085502086362,3.8290031921637855,0.3391178152432452,0.3391179256536851,0.0077674838081922,0.0577372834579534
cbsd,CBSD68,68x96x96x3,"(16,24,24,3)",3,160,0.0001,0.0003,1e-06,0.6647774999728426,15.6577580999583,0.14213566482067108,-10.673777232219223,16.94593795893987,0.807844176714423,7.430603024488404,0.140342116355896,-10.784078669514333,17.056239595430966,0.8135294745049808,6.201752985958206,1.2618567387980768,0.1103014372951101,0.11030163649109781,0.0056852977905578195,1.2288500385301981
cbsd,CBSD68,68x96x96x3,"(16,24,24,3)",4,180,7e-05,0.0002,1e-06,0.6647774999728426,19.30684500001371,0.14213566482067108,-10.673777232219223,16.94593795893987,0.807844176714423,7.430603024488404,0.14020437002182007,-10.792607620782723,17.06476852969404,0.8139565395103674,6.1501606882134405,1.3587686111629182,0.11883038856350048,0.11883057075417014,0.006112362795944404,1.2804423362749633
cbsd,CBSD68,68x96x96x3,"(20,24,24,3)",3,160,0.0001,0.0003,1e-06,1.6482612000545487,16.934840100002475,0.1348806917667389,-11.128843035941928,17.401004289375,0.8302038378766354,7.01842183505915,0.13318857550621033,-11.238499839446998,17.510660981006897,0.8351111693696335,5.829127942847929,1.2545281599347746,0.10965680350506979,0.10965669163189773,0.004907331492998046,1.1892938922112206
cbsd,CBSD68,68x96x96x3,"(20,24,24,3)",4,180,7e-05,0.0002,1e-06,1.6482612000545487,19.82670979993418,0.1348806917667389,-11.128843035941928,17.401004289375,0.8302038378766354,7.01842183505915,0.13304486870765686,-11.247876147353317,17.520036908702735,0.8355193615071593,5.772762056662262,1.3610717998517403,0.1190331114113885,0.11903261932773646,0.0053155236305238995,1.2456597783968881
cbsd,CBSD68,68x96x96x3,"(16,32,32,3)",3,160,0.0001,0.0003,1e-06,1.7117451999802142,17.98479060002137,0.140486478805542,-10.775148668303906,17.047309705650537,0.8131057276918605,7.518858035569497,0.1385364681482315,-10.896556950813544,17.168717964080376,0.8191549998531221,6.212218248663322,1.3880415210702546,0.12140828250963764,0.12140825842983816,0.00604927216126161,1.3066397869061754
cbsd,CBSD68,68x96x96x3,"(16,32,32,3)",4,180,7e-05,0.0002,1e-06,1.7117451999802142,20.693583599990234,0.140486478805542,-10.775148668303906,17.047309705650537,0.8131057276918605,7.518858035569497,0.13838273286819458,-10.90620120068481,17.17836179751473,0.8196232868435155,6.156893429666566,1.4974721804077435,0.1310525323809042,0.1310520918641913,0.0065175591516549725,1.3619646059029318
cbsd,CBSD68,68x96x96x3,"(20,32,32,3)",3,160,0.0001,0.0003,1e-06,1.7470536000328138,18.509507499984466,0.13267356157302856,-11.272151765690078,17.544312687748732,0.8366142568615396,7.094805485261114,0.13082875311374664,-11.393775319790588,17.66593667353099,0.8418134370545494,5.829711802546522,1.3904868742567589,0.12162355410051084,0.1216239857822572,0.0051991801930098,1.2650936827145918
cbsd,CBSD68,68x96x96x3,"(20,32,32,3)",4,180,7e-05,0.0002,1e-06,1.7470536000328138,21.235326699912548,0.13267356157302856,-11.272151765690078,17.544312687748732,0.8366142568615396,7.094805485261114,0.13066339492797852,-11.4047603408237,17.676921702581556,0.8422715555980428,5.767121390903044,1.5151222453190698,0.1326085751336219,0.1326090148328234,0.005657298736503225,1.3276840943580703
cifar,CIFAR-10,1000x32x32x3,"(48,16,16,3)",3,160,0.0001,0.0003,1e-06,4.191782300011255,39.6520095000742,0.09797029197216034,-14.752084651838635,20.17811194646176,0.9182346893979936,5.7853152858675845,0.09513680636882782,-15.007001204721702,20.43302869954783,0.9232314395775495,4.902056738179994,2.8921885872685724,0.254916552883067,0.25491675308606787,0.00499675017955592,0.88325854768759
cifar,CIFAR-10,1000x32x32x3,"(48,16,16,3)",4,180,7e-05,0.0002,1e-06,4.191782300011255,46.34624439990148,0.09797029197216034,-14.752084651838635,20.17811194646176,0.9182346893979936,5.7853152858675845,0.09508465975522995,-15.011763887197581,20.437790912377615,0.9233264472655273,4.881245266189719,2.945415552860027,0.25967923535894677,0.25967896591585315,0.005091757867533686,0.9040700196778655
cifar,CIFAR-10,1000x32x32x3,"(64,16,16,3)",3,160,0.0001,0.0003,1e-06,4.2660593000473455,39.98223139997572,0.08898814022541046,-15.58732998837759,21.013357570959105,0.9334919337688369,5.501930710514962,0.08609712868928909,-15.874199302704069,21.300226247003632,0.9379869425031281,4.605194119675494,3.2487604851593956,0.2868693143264789,0.28686867604452715,0.004495008734291206,0.8967365908394678
cifar,CIFAR-10,1000x32x32x3,"(64,16,16,3)",4,180,7e-05,0.0002,1e-06,4.2660593000473455,47.070020199986175,0.08898814022541046,-15.58732998837759,21.013357570959105,0.9334919337688369,5.501930710514962,0.08606253564357758,-15.877690219852614,21.30371730798043,0.9380438703115171,4.5912668719758765,3.2876342560055916,0.29036023147502377,0.2903597370213262,0.004551936542680268,0.9106638385390857
cifar,CIFAR-10,1000x32x32x3,"(64,20,20,3)",3,160,0.0001,0.0003,1e-06,5.521582500077784,44.85717850003857,0.08845791220664978,-15.639238821565582,21.065266276471966,0.9343340384035325,5.51586584520754,0.08552640676498413,-15.931968601930864,21.3579957236394,0.9388557845435389,4.607882646469494,3.314011566107565,0.2927297803652813,0.2927294471674351,0.004521746140006444,0.9079831987380462
cifar,CIFAR-10,1000x32x32x3,"(64,20,20,3)",4,180,7e-05,0.0002,1e-06,5.521582500077784,52.01109580008779,0.08845791220664978,-15.639238821565582,21.065266276471966,0.9343340384035325,5.51586584520754,0.08549360930919647,-15.935299411786518,21.36132680586207,0.9389093508239222,4.5954661647036925,3.351088470784039,0.2960605902209359,0.29606052939010397,0.004575312420389777,0.9203996805038477
cifar,CIFAR-10,1000x32x32x3,"(96,20,20,3)",3,160,0.0001,0.0003,1e-06,5.491823400021531,45.94218919996638,0.07532339543104172,-17.035375429400506,22.461402989716657,0.9532311612695352,5.095512262875443,0.07246952503919601,-17.370864576929378,22.796892166074677,0.9568415075079563,4.176079660682603,3.788823347001677,0.3354891475288717,0.33548917635802056,0.003610346238421047,0.9194326021928392
cifar,CIFAR-10,1000x32x32x3,"(96,20,20,3)",4,180,7e-05,0.0002,1e-06,5.491823400021531,53.196799400029704,0.07532339543104172,-17.035375429400506,22.461402989716657,0.9532311612695352,5.095512262875443,0.0724380612373352,-17.37463635056269,22.800663310402168,0.9568826791226593,4.1678726057654565,3.830594966139073,0.3392609211621824,0.3392603206855114,0.00365151785312412,0.9276396571099861
norb,smallNORB,25x18x64x64x2,"(12,12,24,24,2)",3,160,0.0001,0.0003,1e-06,2.7055071000941098,52.36388140008785,0.05367329716682434,-24.50893211806565,25.404834397842507,0.9172849114681461,0.9363191780068955,0.05144286900758743,-24.877593826700533,25.77349606067142,0.9245011898020989,0.8770006003904945,4.155563896707176,0.3686617086348818,0.368661662828913,0.007216278333952886,0.059318577616400914
norb,smallNORB,25x18x64x64x2,"(12,12,24,24,2)",4,180,7e-05,0.0002,1e-06,2.7055071000941098,61.447291500051506,0.05367329716682434,-24.50893211806565,25.404834397842507,0.9172849114681461,0.9363191780068955,0.05144605040550232,-24.877056670352196,25.77295913806769,0.9244976775928473,0.8772185799070349,4.149636558379147,0.3681245522865453,0.36812474022518415,0.007212766124701231,0.05910059809986057
norb,smallNORB,25x18x64x64x2,"(16,12,24,24,2)",3,160,0.0001,0.0003,1e-06,3.1645616999594495,55.46243960002903,0.0476728156208992,-25.53868161476505,26.434584153403485,0.9358658819486816,0.8833680108362519,0.04538002982735634,-25.966802183691104,26.86270456947461,0.942215551535396,0.8235641922117164,4.809419715788156,0.42812056892605455,0.42812041607112405,0.006349669586714457,0.05980381862453554
norb,smallNORB,25x18x64x64x2,"(16,12,24,24,2)",4,180,7e-05,0.0002,1e-06,3.1645616999594495,64.62673959997483,0.0476728156208992,-25.53868161476505,26.434584153403485,0.9358658819486816,0.8833680108362519,0.04534817487001419,-25.9729014661079,26.868803657377764,0.9423061996284878,0.8204333309705407,4.8762396779138735,0.43421985134284924,0.4342195039742798,0.00644031767980624,0.06293467986571122
norb,smallNORB,25x18x64x64x2,"(18,12,24,24,2)",3,160,0.0001,0.0003,1e-06,3.259257899946533,57.45979360002093,0.04538026824593544,-25.96675664220035,26.862659368744378,0.942233687035975,0.8606268268268513,0.042966559529304504,-26.44148605310223,27.33738829293847,0.9485059850823623,0.8006881188622716,5.3188507030192,0.4747294109018796,0.4747289241940926,0.006272298046387292,0.059938707964579674
norb,smallNORB,25x18x64x64x2,"(18,12,24,24,2)",4,180,7e-05,0.0002,1e-06,3.259257899946533,67.10307129996363,0.04538026824593544,-25.96675664220035,26.862659368744378,0.942233687035975,0.8606268268268513,0.042936116456985474,-26.447642317211496,27.343544586659828,0.9485872447607205,0.7970746416122163,5.385935084614404,0.48088567501114454,0.4808852179154499,0.006353557724745551,0.06355218521463502
