missing_rate,method_name,scene_id,RMSE_all,RMSE_missing,SAM_all,SAM_missing,NMSE_dB_all,fit_time_sec
0.3,ntdpl,1,0.014034149857858816,0.014122016107042631,8.302063394246131,7.437993564024805,-23.60316804938509,747.5601154999998
0.3,ntdpl,2,0.06399080405632655,0.06459262470404308,23.042909028739192,20.34333435427915,-10.448476927016358,820.2222673666669
0.3,ntdpl,3,0.02640312227110068,0.026713890333970387,12.787486251620871,12.257245296764097,-14.21499545511857,1685.3103370000015
0.3,ntdpl,4,0.02417560728887717,0.0244038924574852,14.475161324956199,12.639739535791682,-21.727372637063482,1649.9161871666668
0.3,ntdpl,5,0.00909987154106299,0.009151353500783443,26.428306047033118,20.31406079216697,-25.012431365621364,1310.671540033333
0.3,ntdpl,6,0.0519299308458964,0.05224344258507093,8.606120406420267,8.211526046229684,-12.854339271502818,1783.3723408666676
0.3,ntdpl,7,0.008284188186128935,0.008389675368865332,20.46606252797903,16.787922642650823,-21.662518907589902,1323.6686799666713
0.3,ntdpl,8,0.023319593941171963,0.023556934669613838,12.794271046605816,10.974468499456984,-19.47600524871983,2513.8138618999947
0.3,ntdpl,9,0.017352290451526642,0.017553087944785755,23.168115347036977,19.485214982648916,-19.647081517286967,237.17057926666652
0.3,ntdpl,10,0.018204657981793087,0.018406360720594723,8.504111400983609,7.264809163776623,-20.18262050002438,994.7064635666708
0.3,ntdpl,11,0.027540354058146477,0.027684699123104412,9.203258460215972,8.27452413628471,-18.77818149136036,1182.4157576333334
0.3,ntdpl,12,0.01343333131323258,0.013489616413911184,6.947526900885897,6.014807715868503,-28.801795291691207,1170.4014488666678
0.3,ntdpl,13,0.018477601930499077,0.018612651154398918,20.32298534609328,17.1059837321761,-21.722261749397784,1150.7292900666653
0.3,ntdpl,14,0.012145269972582659,0.012290443293750286,10.906930455896147,9.800721943590593,-19.78759390003682,1165.9569643333332
0.3,ntdpl,15,0.01319898913304011,0.013303427956998348,12.245205779370066,10.082788603093656,-21.19088183695492,1211.2997073333293
0.3,tucker,1,0.014280711314493093,0.014374250312468159,8.691293104915465,7.884038047666628,-23.44929600880805,430.31798546666687
0.3,tucker,2,0.07522836549143917,0.07568016359050019,27.245192649946897,25.658281298584075,-9.043195517019585,350.564786133337
0.3,tucker,3,0.03151068088719268,0.031748739894697064,10.911427899502392,10.186950941619001,-12.678945207787985,351.14102023332816
0.3,tucker,4,0.026970972632319987,0.02719621023170267,15.789024035407955,14.559124065305818,-20.77697180441893,369.9444552666707
0.3,tucker,5,0.01079244926983946,0.010861101937479684,28.20461823071052,21.96517070281052,-23.53073445884274,425.1499010000116
0.3,tucker,6,0.054617007827919,0.054894779125264304,8.796641768863678,8.586803571925763,-12.41613642274302,526.2030040000027
0.3,tucker,7,0.008195857933636141,0.0083106445744658,17.196043504017045,16.36955530041715,-21.755634076290665,515.8114903999934
0.3,tucker,8,0.03045653622860096,0.030663687864437832,18.370028245815128,17.035402701998496,-17.156811575158674,477.7698396999913
0.3,tucker,9,0.019802242260800514,0.01998879999799455,29.382909017470016,25.993839858403373,-18.499907821657796,526.5082889000065
0.3,tucker,10,0.02135637890434919,0.021563824924082053,10.440161180282272,9.215391255426699,-18.795718465435318,490.18588343333005
0.3,tucker,11,0.031227538010221784,0.03136376158733321,10.772733194949856,10.274902066019337,-17.68681391859934,501.24633893333277
0.3,tucker,12,0.01830513627733478,0.018379460766757904,8.318835706855573,7.11162710514792,-26.114010337550326,526.7519001999996
0.3,tucker,13,0.020679705422010326,0.0208140843719133,22.7592521832368,20.157635217517633,-20.744277028526394,489.0225099666716
0.3,tucker,14,0.013650090552011275,0.013784159198269289,12.025815981791302,11.358061274984829,-18.77299266178882,475.63313513333
0.3,tucker,15,0.014859732858134377,0.014964190481804992,17.61114815503281,14.883239849305317,-20.161475861682195,475.30734646667014
0.3,tucker_polycal_p2,1,0.014278754281500975,0.01437226931254069,8.669659446683493,7.850255529346359,-23.450494670281756,430.8858438666648
0.3,tucker_polycal_p2,2,0.07453847676515579,0.07498599340518315,25.21109478934407,23.32134109877447,-9.123217583252318,351.03285713334725
0.3,tucker_polycal_p2,3,0.031351166466871895,0.03159787257512411,10.997025153470602,10.091564245159075,-12.723026880374993,351.6305667999865
0.3,tucker_polycal_p2,4,0.026969151571393013,0.027194190149505932,15.696720306439843,14.44626996744856,-20.777558323161077,370.3162105333395
0.3,tucker_polycal_p2,5,0.010780371104677519,0.010848755948245525,28.018606990242912,21.706962956915064,-23.540460593168543,425.6560844000148
0.3,tucker_polycal_p2,6,0.054585052033265434,0.054862670600414276,8.714860037169741,8.477324859600172,-12.421219940800095,526.6583046000087
0.3,tucker_polycal_p2,7,0.008192327804863453,0.008306904695928097,16.87215089585632,15.85087083890965,-21.759375543261473,516.2600077666648
0.3,tucker_polycal_p2,8,0.030376199012001354,0.03058382434149583,17.82963723949827,16.31373982983094,-17.17975309625696,478.23158316666377
0.3,tucker_polycal_p2,9,0.01977769285440445,0.019964222485820454,28.23771934660911,24.58670309138701,-18.51068249469152,526.9253811000162
0.3,tucker_polycal_p2,10,0.021320238709449768,0.02152886924644311,10.393615998778634,9.038392557525734,-18.810429636327804,490.70533319999714
0.3,tucker_polycal_p2,11,0.03115396946668625,0.03128907084465027,10.596538665339345,10.004029501857557,-17.70730096880041,501.6311523666809
0.3,tucker_polycal_p2,12,0.018242909262577694,0.018316686153411865,8.242715039960112,7.012987233511102,-26.14358784508924,527.2503966333412
0.3,tucker_polycal_p2,13,0.02065573384364446,0.020789829393227894,22.260931448315834,19.51907302034824,-20.75435159820779,489.39324623334227
0.3,tucker_polycal_p2,14,0.013643764890730381,0.013777971888581911,12.0027513550576,11.282912481405896,-18.777018597050894,475.99267099999923
0.3,tucker_polycal_p2,15,0.014837358767787615,0.014941861853003502,17.496300721883593,14.46670902273206,-20.17456398236635,475.7122965333435
0.3,tucker_polycal_p3,1,0.014250138774514198,0.014343204908072948,8.576719286201941,7.681339984721139,-23.467966303130122,430.88243496666837
0.3,tucker_polycal_p3,2,0.07286140571037929,0.07330868889888127,22.657349845398063,20.32075299219152,-9.320876943561009,351.1062511333342
0.3,tucker_polycal_p3,3,0.03120888335009416,0.031454348315795265,11.221733076331759,10.171118538216753,-12.762536364692375,351.60749813332467
0.3,tucker_polycal_p3,4,0.02686395434041818,0.02708655782043934,15.300677184410176,13.953623427626189,-20.811505650075716,370.3669805000075
0.3,tucker_polycal_p3,5,0.01074217197795709,0.010810361243784428,27.834960786659796,21.46601659963046,-23.571292944483066,425.66529650002
0.3,tucker_polycal_p3,6,0.05431166787942251,0.054589575777451195,8.531357005910849,8.212325844022624,-12.464832154711077,526.6619069000031
0.3,tucker_polycal_p3,7,0.008189672293762365,0.008304366221030554,16.7290608058628,15.609304414951657,-21.76219148546903,516.2815044999855
0.3,tucker_polycal_p3,8,0.030002187937498093,0.030203167349100113,17.05952030184487,15.26116270880435,-17.287363140260847,478.2355332666484
0.3,tucker_polycal_p3,9,0.019641751423478127,0.019825794423619907,27.156778087397146,23.27770347499062,-18.570590408522307,526.9934193333393
0.3,tucker_polycal_p3,10,0.021149352192878723,0.02134996714691321,10.41233075460191,8.82928028597217,-18.880329637332135,490.63935899999825
0.3,tucker_polycal_p3,11,0.03069155476987362,0.030822381377220154,10.212560768888395,9.420041239045055,-17.83719093794922,501.61298243334267
0.3,tucker_polycal_p3,12,0.017868568499883015,0.017942752068241436,8.080337431167724,6.8352957577111075,-26.32367439190757,527.2745979333462
0.3,tucker_polycal_p3,13,0.020595370481411617,0.02072851111491521,21.891893444728357,19.044776258834247,-20.779772451692708,489.40814736667403
0.3,tucker_polycal_p3,14,0.013607175089418888,0.013741145220895609,11.954806099815286,11.093404342000044,-18.800343297022426,476.08278343332177
0.3,tucker_polycal_p3,15,0.014766808288792769,0.014870497087637583,17.39067721215738,13.989951153675818,-20.21596337897174,475.7420317000103
0.3,tucker_polycal_p4,1,0.014248505855600039,0.014341675986846289,8.573718369300998,7.6743441535068655,-23.468962287235456,430.99626503334247
0.3,tucker_polycal_p4,2,0.07247924307982127,0.07292697081963222,21.820713744258672,19.205146811269604,-9.36655486799321,351.1825016666747
0.3,tucker_polycal_p4,3,0.030728686600923538,0.03098324127495289,11.160630577867842,10.271684251981238,-12.897221285810181,351.67486856666557
0.3,tucker_polycal_p4,4,0.026856426770488422,0.027078807974855106,15.198687500294765,13.825911175421886,-20.813939581452566,370.5205947333234
0.3,tucker_polycal_p4,5,0.01070172805339098,0.01076887579013904,27.683899661851807,21.27644298852668,-23.60405653363172,425.7635709000024
0.3,tucker_polycal_p4,6,0.05409616480271021,0.05437419439355532,8.434707708365139,8.041238892966154,-12.49936555587,526.741729133338
0.3,tucker_polycal_p4,7,0.008184984636803469,0.00829989742487669,16.574917375272005,15.337799998220762,-21.767164439949635,516.3474746666592
0.3,tucker_polycal_p4,8,0.029791550089915592,0.029991528019309044,16.542130673059805,14.535433921815176,-17.348560376070317,478.38208149999264
0.3,tucker_polycal_p4,9,0.019529595350225765,0.019715677325924236,26.23794930118373,22.165045130439438,-18.620329293577104,527.1688027333366
0.3,tucker_polycal_p4,10,0.02114645019173622,0.021346446126699448,10.405995577545825,8.850073477618581,-18.881521337643036,490.71970579999714
0.3,tucker_polycal_p4,11,0.030346258232990902,0.030475044002135594,9.96590568250366,9.02204757249521,-17.935465866032022,501.6811694666637
0.3,tucker_polycal_p4,12,0.017763823891679447,0.01783783609668414,8.009549480011897,6.77123900771412,-26.37474050496617,527.2764126999973
0.3,tucker_polycal_p4,13,0.0203787578890721,0.020509253566463787,21.27410609504058,18.253825353119527,-20.871611795386737,489.4982208000101
0.3,tucker_polycal_p4,14,0.013594887840251127,0.013728021023174128,11.92337162180875,10.97747248029234,-18.80819047242888,476.16840759998905
0.3,tucker_polycal_p4,15,0.014720183797180653,0.014821858455737432,17.35271336485536,13.668311243941092,-20.24343128452809,475.8761494666721
0.5,ntdpl,1,0.013503561727702618,0.013600849856932959,7.881767528044997,7.545428486137876,-23.93512678858907,771.0277829333336
0.5,ntdpl,2,0.0641210104028384,0.06474871933460236,23.069912314385068,21.882890969447384,-10.430829261269826,787.578295766667
0.5,ntdpl,3,0.026511698961257935,0.026869252944986027,12.793926700202741,12.707612736463185,-14.179365603156109,1988.0411200333317
0.5,ntdpl,4,0.024210887650648754,0.02443461741010348,13.916423845612199,13.167301878540501,-21.714691018640604,1289.7450763333327
0.5,ntdpl,5,0.009108508316179117,0.009148945411046347,26.432003232049254,23.414589366099875,-25.00418979720308,1787.1881752666668
0.5,ntdpl,6,0.05203399807214737,0.05237543831268946,8.646729755607291,8.498780669209955,-12.83694999115725,1462.012735033335
0.5,ntdpl,7,0.008327247574925423,0.008426805337270101,20.43197953381934,18.63409416843159,-21.61753061339702,2145.536340766664
0.5,ntdpl,8,0.02337817909816901,0.023612591127554577,12.83329630108782,12.000301881874854,-19.454209065744664,2520.057010033333
0.5,ntdpl,9,0.017438532784581184,0.017638944710294407,23.111396872661103,20.91207539406194,-19.60400818895061,1006.1559213666673
0.5,ntdpl,10,0.018247352292140324,0.01845383954544862,8.520617378148232,7.725303179549918,-20.162286190817838,1216.4123916
0.5,ntdpl,11,0.027592840294043224,0.02775054859618346,9.16517815252597,8.790333193532405,-18.761640802672808,1174.7317957666626
0.5,ntdpl,12,0.013447453578313192,0.013506989926099777,6.947908042820511,6.535582763511094,-28.792668940870968,1162.9859955999952
0.5,ntdpl,13,0.018521000320712726,0.018664730091889698,20.35831396528031,18.934714759925118,-21.701924037235035,866.4035603333323
0.5,ntdpl,14,0.01220677855114142,0.012358821307619413,10.90764908434529,10.391939087578567,-19.743724888820964,875.6032519
0.5,ntdpl,15,0.013218339843054613,0.013316530734300613,12.225549373375147,11.12106236982558,-21.178157422674676,1196.1915031666576
0.5,tucker,1,0.014174157648604037,0.014278287284399088,8.396720497392137,8.152631753081616,-23.514143682869307,477.11759129999945
0.5,tucker,2,0.0753631901809101,0.07581300137777199,27.334903365736107,26.619605276988107,-9.02764258103667,485.0559858000003
0.5,tucker,3,0.03162560913762155,0.03191098105499344,10.932259106266388,10.679687822659938,-12.647323467891134,480.5641768999946
0.5,tucker,4,0.027072991569845217,0.027291669884008874,14.886905451453147,14.424092609818041,-20.74417928647927,517.8993718666728
0.5,tucker,5,0.010814965019668029,0.010874527091529898,28.22041815537106,25.07117808573251,-23.512632645382467,505.1795773333336
0.5,tucker,6,0.05469029186764731,0.05498295701177899,8.84208368599124,8.759671744557096,-12.404488993555056,507.5529380666703
0.5,tucker,7,0.00823848733316356,0.008351153891356747,17.24580184348747,16.840824097867255,-21.710590416320173,502.9964010333376
0.5,tucker,8,0.030534066149023653,0.030744990737946957,18.443161724706933,17.782061519287563,-17.134731307227216,503.9401112666698
0.5,tucker,9,0.019869574389317995,0.020059227595338503,29.218101167403216,27.42634926749226,-18.47042587574971,539.3238967000021
0.5,tucker,10,0.02145011614159699,0.021680985791445628,10.470922039201476,9.85938582010049,-18.757681708951935,507.789018566662
0.5,tucker,11,0.03126237932735935,0.031414037981167105,10.746839820260762,10.559573363425052,-17.67712889802657,525.989724499998
0.5,tucker,12,0.018331293283747118,0.018408609798487203,8.322623143923842,7.769678411024817,-26.101607579827913,669.7444086333368
0.5,tucker,13,0.02073150932506283,0.020874849993949837,22.82702371700415,21.638943353517963,-20.722551152293345,683.7003728000009
0.5,tucker,14,0.013703534835184614,0.013845255277580721,12.002118369938943,11.67044888564324,-18.739052751719296,467.50743793333214
0.5,tucker,15,0.014901326502178657,0.015002370439894752,17.621424839742307,16.099165994850495,-20.13719672996073,450.2915978666597
0.5,tucker_polycal_p2,1,0.014170460402965546,0.01427460772295793,8.346410577388646,8.085493926885698,-23.5164089981438,477.49627223332453
0.5,tucker_polycal_p2,2,0.07466239978869756,0.07510935018459956,25.286985616625785,24.437024194796365,-9.108788990606092,485.3982386333325
0.5,tucker_polycal_p2,3,0.03147409235437711,0.03177139535546303,11.01682700136408,10.67843999360719,-12.689037346268556,480.85425790000835
0.5,tucker_polycal_p2,4,0.02707127605875333,0.02728985622525215,14.790572344431629,14.316073384546764,-20.74472997282524,518.2008457666889
0.5,tucker_polycal_p2,5,0.010802740541597208,0.010862034435073534,28.03336822909851,24.853518875195817,-23.522456144414775,505.538764566673
0.5,tucker_polycal_p2,6,0.05465701719125112,0.054950098196665444,8.75789550252148,8.66573635612823,-12.40977518547146,507.9402808666782
0.5,tucker_polycal_p2,7,0.008234930535157522,0.008347348620494207,16.944879627289538,16.44483407648253,-21.71434138875477,503.3757336666774
0.5,tucker_polycal_p2,8,0.03045181060830752,0.030663082376122475,17.898972478922484,17.159409945226557,-17.15816143680215,504.2911112999985
0.5,tucker_polycal_p2,9,0.019845866908629734,0.020035771653056145,28.072128812886437,26.158634856758038,-18.480795543813084,539.7116883333268
0.5,tucker_polycal_p2,10,0.02141186532874902,0.021643171707789104,10.422989318990302,9.75010889692753,-18.773184002273638,508.1624413333387
0.5,tucker_polycal_p2,11,0.031184785688916843,0.031334925442934036,10.570643701962622,10.340720906126657,-17.698714406080814,526.3035761666639
0.5,tucker_polycal_p2,12,0.018268787612517674,0.018345399449268978,8.246430537518156,7.685102090337119,-26.131275052450693,669.9945375666624
0.5,tucker_polycal_p2,13,0.020707386856277783,0.020850397646427155,22.31075170423422,21.067696861395877,-20.732664005720455,683.9303176666657
0.5,tucker_polycal_p2,14,0.01369723460326592,0.013838911429047585,11.977874242818231,11.623082509314557,-18.74304694613787,467.74947046666904
0.5,tucker_polycal_p2,15,0.014879077362517515,0.014980494976043701,17.505629154895306,15.846288670628704,-20.150175259598825,450.48959813332266
0.5,tucker_polycal_p3,1,0.014123840257525444,0.01422710002710422,8.230687045244943,7.921132083908868,-23.545031624185913,477.48405436666025
0.5,tucker_polycal_p3,2,0.0729413131872813,0.07338649282852809,22.69762348845103,21.650447457031078,-9.311356923315158,485.39463220000226
0.5,tucker_polycal_p3,3,0.03132395073771477,0.03161922966440519,11.247593451692554,10.844698045730723,-12.730571494038793,480.8711758333399
0.5,tucker_polycal_p3,4,0.026955423255761463,0.027172174925605457,14.38201785193101,13.855042403581459,-20.781981407879012,518.3149889000075
0.5,tucker_polycal_p3,5,0.010764627096553644,0.01082320511341095,27.84924561700124,24.646357039482456,-23.553155367472016,505.5968639333393
0.5,tucker_polycal_p3,6,0.05438357343276342,0.05467641229430834,8.576786953547346,8.457749247356706,-12.453338932738648,507.9390014999905
0.5,tucker_polycal_p3,7,0.008232192446788153,0.008344731293618679,16.798803068224206,16.24586679271602,-21.717229738993012,503.41055930000584
0.5,tucker_polycal_p3,8,0.030077206591765087,0.030283015842239063,17.12822216416798,16.26537888283155,-17.265674854037158,504.35104656667437
0.5,tucker_polycal_p3,9,0.01971395934621493,0.019901474316914875,27.007953923727545,24.99108112759073,-18.538720136768458,539.7178837000101
0.5,tucker_polycal_p3,10,0.021246570472915966,0.02147262915968895,10.438868162750191,9.666070089335689,-18.84049914959481,508.23493526666425
0.5,tucker_polycal_p3,11,0.030733758583664894,0.03087943233549595,10.192116009650364,9.875745894132148,-17.825256061843767,526.3236719666651
0.5,tucker_polycal_p3,12,0.017892807101209957,0.017967841898401577,8.083489695410087,7.519370199270612,-26.31189979488076,670.003385300001
0.5,tucker_polycal_p3,13,0.020646393299102783,0.020788412541151047,21.929539350141322,20.64428037277652,-20.758287236632516,683.949427133322
0.5,tucker_polycal_p3,14,0.013660687332352003,0.013802325042585531,11.927095682673212,11.509979967217802,-18.766253133796646,467.7888314999861
0.5,tucker_polycal_p3,15,0.014808114928503832,0.01490857203801473,17.398496090161103,15.57061496649615,-20.191699846495112,450.50665019999025
0.5,tucker_polycal_p4,1,0.014117144979536533,0.014220440449814001,8.19661317627635,7.869195847575365,-23.5491519038262,477.61532153332763
0.5,tucker_polycal_p4,2,0.07255908598502477,0.07300850500663121,21.867267976331405,20.7064532314452,-9.356993031532319,485.4515946333316
0.5,tucker_polycal_p4,3,0.03084798902273178,0.031160777434706688,11.18180236078996,10.839988777374195,-12.863566287518552,480.9565514333299
0.5,tucker_polycal_p4,4,0.02694921816388766,0.02716587980588277,14.296129486569919,13.757484300015003,-20.783981260065357,518.4406287666765
0.5,tucker_polycal_p4,5,0.010723590850830078,0.010781497694551945,27.694602180472742,24.47803694709746,-23.586330049358256,505.6561494666724
0.5,tucker_polycal_p4,6,0.05416680251558622,0.05446024859944979,8.481151611382913,8.338656881120786,-12.48802984691193,508.0271967999918
0.5,tucker_polycal_p4,7,0.008227416935066382,0.008340120936433474,16.64382090311598,16.02875215371984,-21.722269972859863,503.4607317666644
0.5,tucker_polycal_p4,8,0.029864946380257607,0.030070812130967777,16.605158999632568,15.649886805870944,-17.32719074639838,504.44940256666695
0.5,tucker_polycal_p4,9,0.0196065790951252,0.01979535569747289,26.104739105303782,24.002410413593974,-18.58616165238755,539.8174966666751
0.5,tucker_polycal_p4,10,0.021244915202260017,0.02147069697578748,10.434493620708588,9.67031087923953,-18.841176066492263,508.2181953666538
0.5,tucker_polycal_p4,11,0.030385010565320652,0.030529591565330822,9.937445468911905,9.555491093747847,-17.92438125659825,526.3673046333328
0.5,tucker_polycal_p4,12,0.017787855739394825,0.01786199025809765,8.012756267867523,7.453222429280394,-26.36299782408255,670.0667671333358
0.5,tucker_polycal_p4,13,0.02042543018857638,0.02056592640777429,21.29668043993618,19.941351816674626,-20.851750290110623,684.0014866666683
0.5,tucker_polycal_p4,14,0.013646930766602358,0.01378764615704616,11.893464188678777,11.438372701394515,-18.7750040641379,467.8356170666605
0.5,tucker_polycal_p4,15,0.014759779907763004,0.014858569639424482,17.358138420701888,15.400185439960937,-20.22009780181667,450.66383796666713
